cluster,article_index,title,publication_date,source,url,retrieval_label,retrieval_confidence,strong_hits,support_hits,all_hits_count,snippet,claim_1_text,claim_1_category,claim_1_why,claim_2_text,claim_2_category,claim_2_why,claim_3_text,claim_3_category,claim_3_why,dominant_claim_type_in_article,article_notes,keep_for_case_study
Cluster A - Khelif / gender / eligibility,2103,Olympic Boxer Imane Khelif Is Neither Trans Nor Male | Snopes.com,2024-08-06,www.snopes.com,https://www.snopes.com/news/2024/08/05/imane-khelif-not-trans/,high_precision,high,"imane khelif, khelif","boxing, boxer, women's boxing, female boxer, olympic boxing, algeria, algerian, eligibility, gender, sex, intersex, gender test, male, female",16,"In early August 2024, an Algerian female boxer at the 2024 Paris Olympics named Imane Khelif was forced into American culture wars over allegations she was a man identifying as a woman to cheat her way to the top. The news cycle began after Khelif's unusually short victory o...",,,,,,,,,,,,
Cluster A - Khelif / gender / eligibility,2119,Olympic Boxer Imane Khelif Is Not a Trans Athlete | Snopes.com,2024-08-02,www.snopes.com,https://www.snopes.com/news/2024/08/02/imane-khelif-olympics-boxing/,high_precision,high,"imane khelif, khelif","boxing, boxer, women's boxing, female boxer, olympic boxing, algeria, algerian, eligibility, gender, sex, intersex, gender test, male, female",16,"On Aug. 1, 2024, Algerian boxer Imane Khelif faced Italian boxer Angela Carini in an opening bout of the women's welterweight boxing tournament at the 2024 Paris Olympics. Forty-six seconds into the fight, after receiving a few punches, Carini ended the fight early,...",,,,,,,,,,,,
Cluster A - Khelif / gender / eligibility,2086,PolitiFact | Claims about Algerian boxer Imane Khelif’s Olympic boxing eligibility lack context,,www.politifact.com,https://www.politifact.com/article/2024/aug/02/claims-about-algerian-boxer-imane-khelifs-olympic/,high_precision,high,"imane khelif, khelif","boxing, boxer, female boxer, olympic boxing, algeria, algerian, eligibility, gender, sex, intersex, gender test, male, female",15,"Our only agenda is to publish the truth so you can be an informed participant in democracy.We need your help.

More Info

Algeria's Imane Khelif, left, fights Italy's Angela Carini in their women's 66kg preliminary boxing match at the 2024 Summer Olympics, Thursday, Aug. 1, 2024, in Paris, France. (AP)

The Boxing Unit set up by the International Olympic Committee, whic...",,,,,,,,,,,,
Cluster A - Khelif / gender / eligibility,2106,Olympics 2024 boxing controversy: What we know and what we don't know - BBC Sport,2024-08-02,www.bbc.com,https://www.bbc.com/sport/olympics/articles/cye0ex43k63o,high_precision,high,"imane khelif, khelif","boxing, boxer, women's boxing, olympic boxing, algeria, algerian, eligibility, gender, sex, intersex, gender test, male, female",15,"Imane Khelif beat Angela Carini on Thursday

Algeria's Imane Khelif and Taiwan's Lin Yu-ting have been cleared to compete at the Paris Olympics despite being disqualified from last year's World Championships after they were said to have failed gender...",,,,,,,,,,,,
Cluster A - Khelif / gender / eligibility,3148,Gold Medal Boxer Slams “Scary” Decision To Allow Biological Male To Fight Women At Olympics - modernity,2024-08-02,modernity.news,https://modernity.news/2024/08/02/gold-medal-boxer-slams-scary-decision-to-allow-biological-male-to-fight-women-at-olympics/,high_precision,high,"imane khelif, khelif","boxing, boxer, women's boxing, female boxer, olympic boxing, algeria, algerian, eligibility, gender, sex, gender test, male, female",15,"...on!



Signup for a daily  m o d e r n i t y  brief direct to your inbox and other special offers! No more than 2 emails per day max.

You have successfully joined the  m o d e r n i t y  subscriber list. You will receive a newsletter soon!

Women’s boxer Claressa Shields, whowontwo gold medals for the US in the 2012 and 2016 Olympics, has slammed the decision to allow a person who went through male puberty to compete against women at the Paris games.

As we highlighted yesterday, Italian female...",,,,,,,,,,,,
Cluster A - Khelif / gender / eligibility,4001,"Simone Biles wins gold, Katie Ledecky makes Olympic history at the 2024 Summer Olympics | Live Updates",2026-01-14,www.foxnews.com,https://www.foxnews.com/live-news/olympics-2024-paris-august-1-2024,high_precision,high,"imane khelif, khelif","boxing, boxer, women's boxing, olympic boxing, algeria, algerian, eligibility, gender, sex, intersex, gender test, male, female",15,"...d at least break the eight-year medal drought. But a perfect race for these four men led to the sixth gold at these Olympics for the United States.

This is an excerpt from a report by Scott Thompson.

Day 6 of the Paris Olympics had the world watch Imane Khelif box Angela Carini in a bout that lasted just 46 seconds.

Khelif, of Algeria, controversially qualified for women's boxing despite being disqualified from the 2023 world championships after failing an unspecified gender eligibility test....",,,,,,,,,,,,
Cluster A - Khelif / gender / eligibility,2073,Imane Khelif: the Algerian boxer who overcame an ugly gender furore to win Olympic gold,,theconversation.com,https://theconversation.com/imane-khelif-the-algerian-boxer-who-overcame-an-ugly-gender-furore-to-win-olympic-gold-236175,high_precision,high,"imane khelif, khelif","boxing, boxer, olympic boxing, algeria, algerian, eligibility, gender, sex, intersex, gender test, male, female",14,"Professor of Sociology of Sport, Nord University

Anne Tjønndal is affiliated with The Norwegian Boxing Federation.

View all partners

https://doi.org/10.64628/AAJ.ka7eamckt

Share article

Print article

Imane Khelif’sgold medalat the 2024 Paris Olympics meant alsoovercomingafurorethat erupted around her and another boxer earlier in the games....",,,,,,,,,,,,
Cluster A - Khelif / gender / eligibility,2090,Imane Khelif - Wikipedia,2021-07-30,en.wikipedia.org,https://en.wikipedia.org/wiki/Imane_Khelif,high_precision,high,"imane khelif, khelif","boxing, boxer, female boxer, olympic boxing, algeria, algerian, eligibility, gender, sex, gender test, male, female",14,"Imane Khelif(Arabic:إيمان خليف,romanized:ʾĪmān Khalīf,pronounced[ʔiːˈmaːnxəˈliːf]; born 2 May 1999) is an Algerianprofessional boxerwho won the gold medal in thewomen's 66 kg (welterweight) boxingevent at the2024 Summer Olympics.

Khelif started her...",,,,,,,,,,,,
Cluster A - Khelif / gender / eligibility,2091,2024 Summer Olympics boxing controversy - Wikipedia,2024-12-11,en.wikipedia.org,https://en.wikipedia.org/wiki/2024_Summer_Olympics_boxing_controversy,high_precision,high,"imane khelif, khelif","boxing, boxer, women's boxing, female boxer, algeria, algerian, eligibility, gender, sex, gender test, male, female",14,Theboxingcontroversy at the2024 Summer Olympic Gamesin Paris involved two female boxers:AlgerianImane KhelifandLin Yu-TingofTaiwan.  Their eligibility to compete in the women's boxing events at theParis Olympic Gameswas questioned based on false allegat...,,,,,,,,,,,,
Cluster A - Khelif / gender / eligibility,2094,Imane Khelif: Olympic boxer’s controversial Paris Games explained in full | The Independent,2024-08-09,www.independent.co.uk,https://www.independent.co.uk/sport/olympics/imane-khelif-boxing-final-paris-2024-b2592661.html,high_precision,high,"imane khelif, khelif","boxing, boxer, female boxer, algeria, algerian, eligibility, gender, sex, intersex, gender test, male, female",14,"Notifications can be managed in browser preferences.

Please refresh the page or navigate to another page on the site to be automatically logged inPlease refresh your browser to be logged in

Swipe for next article

Khelif and Lin Yu-ting have been at the centre of a boxing controversy, having allegedly failed gender tests in the past. Now both fighters have won Olympic medals and are going for gold.Alex Pattleexplains how we got here, and what comes next

I wou...",,,,,,,,,,,,
Cluster A - Khelif / gender / eligibility,2095,Olympic boxers reignite debate over inclusion in women's sports - ESPN,2024-08-03,www.espn.com,https://www.espn.com/olympics/story/_/id/40707847/olympic-boxing-controversy-imane-khelif-lin-yu-ting-gender-sports,high_precision,high,"imane khelif, khelif","boxing, boxer, women's boxing, olympic boxing, algeria, algerian, eligibility, gender, sex, intersex, male, female",14,"IOC spokesperson Mark Adams discusses the controversy around an Algerian boxer's gender eligibility. (1:17)

A boxing match that lasted 46 seconds has dominated the conversation around the Paris Olympics in recent days and reignited the debate about who is eligible to compete in women's sports.

Algerian boxerIma...",,,,,,,,,,,,
Cluster A - Khelif / gender / eligibility,2105,Olympics 2024: Paris gold has 'special taste' for Khelif after gender dispute | RNZ News,2024-08-10,www.rnz.co.nz,https://www.rnz.co.nz/news/sport/524745/olympics-2024-paris-gold-has-special-taste-for-khelif-after-gender-dispute,high_precision,high,"imane khelif, khelif","boxing, boxer, female boxer, olympic boxing, algeria, algerian, eligibility, gender, sex, gender test, male, female",14,"ByAadi Nair,Reuters

Gold medallist Algeria's Imane Khelif poses on the podium during the medal ceremony for the women's 66kg final boxing category during the Paris 2024 Olympic Games at the Roland-Garros Stadium, in Paris on 9 August 2024.Photo:MAURO PIMENTEL / AFP

Victory at the Par...",,,,,,,,,,,,
Cluster A - Khelif / gender / eligibility,6054,Imane Khelif allowed to fight at 2024 Olympics IOC decision explained | Metro News,2024-08-02,metro.co.uk,https://metro.co.uk/2024/08/02/imane-khelif-allowed-fight-2024-olympics-ioc-decision-explained-21346901,high_precision,high,"imane khelif, khelif","boxing, boxer, female boxer, olympic boxing, algeria, algerian, eligibility, gender, sex, gender test, male, female",14,"TheInternational Olympic Committeehas defended its decision to allow two female boxers to compete at theParisOlympics amid a growinggenderrow.

AlgerianImane Khelifand Taiwan’s double world champion Lin Yu-ting are competing at the Games in the face ofmounting ‘aggression’because of an arbitrary decision, according to the...",,,,,,,,,,,,
Cluster A - Khelif / gender / eligibility,7202,"""Wouldn't even last a round"": ""The Daily Show"" calls out Megyn Kelly for misgendering Olympic boxer - Salon.com",2024-08-06,www.salon.com,https://www.salon.com/2024/08/06/wouldnt-even-last-a-round-the-daily-show-calls-out-megyn-kelly-for-misgendering-olympic-boxer,high_precision,high,"imane khelif, khelif","boxing, boxer, women's boxing, female boxer, algeria, algerian, eligibility, gender, sex, intersex, male, female",14,"""The Daily Show"" has called outMegyn Kellyand other conservative voices in media who have taken swings at a new target in the culture war over gender: Algerian boxerÂ Imane Khelif.

Even before her debut at theOlympic Gamesin Paris, the boxer faced a barrage of unsubstantiated claims about her gender identity, including that she is either a man or transgender. Amid ongoing conservative push...",,,,,,,,,,,,
Cluster A - Khelif / gender / eligibility,7333,Paris Olympics: ‘Suspected Intersex’ Boxer Who Previously Failed Gender Eligibility Test Forces Opponent To Quit 46 Seconds Into Fight – One America News Network,2024-08-01,www.oann.com,https://www.oann.com/newsroom/paris-olympics-suspected-intersex-boxer-who-previously-failed-gender-eligibility-test-forces-opponent-to-quit-46-seconds-into-fight,high_precision,high,"imane khelif, khelif","boxing, boxer, female boxer, olympic boxing, algeria, algerian, eligibility, gender, sex, intersex, male, female",14,"OAN StaffJames Meyers10:42 AM – Thursday, August 1, 2024

Algerian boxer Imane Khelif’s first fight at the 2024 Paris Olympics stirred up much controversy.

Khelif, 25, who previously failed gender eligibility tests at the 2023 World Championships, forced the Italian opponent, Angela Carini, to quit her mat...",,,,,,,,,,,,
Cluster A - Khelif / gender / eligibility,8816,"Olympics – the thrill of victory, the agony of diversity * WorldNetDaily * by Chuck Norris",2024-08-05,www.wnd.com,https://www.wnd.com/2024/08/olympics-the-thrill-of-victory-the-agony-of-diversity,high_precision,high,"imane khelif, khelif","boxing, boxer, olympic boxing, algeria, algerian, eligibility, gender, sex, intersex, gender test, male, female",14,"...y.”

(I encourage you subscribe and read the latest edition of theWhistleblower, “America’s All-Out Religious War,” which details many other anti-religious incidents in society like the above.)

The second Olympic fracture last week erupted when the Algerian boxer Imane Khelif, who was deemed to have male XY chromosomes (be biologically male) thoughregistered as a woman,won a fight in just 46 secondsin the 66-kilogram women’s division againstItaly’s Angela Carini.

Within 30 seconds, Carini was...",,,,,,,,,,,,
Cluster A - Khelif / gender / eligibility,8821,The woke Olympics: Where men were allowed to punch women * WorldNetDaily * by Dennis Prager,2024-08-13,www.wnd.com,https://www.wnd.com/2024/08/the-woke-olympics-where-men-were-allowed-to-punch-women,high_precision,high,"imane khelif, khelif","boxing, boxer, female boxer, olympic boxing, algeria, algerian, eligibility, gender, sex, intersex, male, female",14,"ByDennis Prager

August 13, 2024

This past weekend, two biologically male boxers won gold medals in women’s boxing at the Paris Olympics. On Friday, Imane Khelif of Algeria won the gold medal in the women’s welterweight division. On Saturday, Lin Yu-Ting of Taiwan won the gold medal in the women’s featherweight divisi...",,,,,,,,,,,,
Cluster A - Khelif / gender / eligibility,2052,Olympic boxing champ Imane Khelif requires gender test to continue fighting | Olympics News | Al Jazeera,2025-05-31,www.aljazeera.com,https://www.aljazeera.com/news/2025/5/31/olympic-boxing-champ-imane-khelif-requires-gender-test-to-continue-fighting,high_precision,high,"imane khelif, khelif","boxing, boxer, olympic boxing, algeria, algerian, eligibility, gender, sex, gender test, male, female",13,"World Boxing says Algerian gold medallist must get genetic screening to compete in future events, including Olympics.

Share

Save

Algeria’s Olympic boxing champion Imane Khelifmust undergo genetic sex screening in order to participate in upcoming events,...",,,,,,,,,,,,
Cluster A - Khelif / gender / eligibility,2077,Algerian Boxer Imane Khelif Challenges World Boxing Gender Testing at CAS,2025-09-02,www.moroccoworldnews.com,https://www.moroccoworldnews.com/2025/09/257750/algerian-boxer-imane-khelif-challenges-world-boxing-gender-testing-at-cas/,high_precision,high,"imane khelif, khelif","boxing, boxer, algeria, algerian, eligibility, gender, sex, intersex, gender test, male, female",13,"Home>International>Algerian Boxer Imane Khelif Challenges World Boxing Gender Testing at CAS

Algerian boxer Imane Khelif, who won gold in the under-66 kg category at the Paris 2024 Olympics, has taken legal action against World Boxing’s new gender testing regulations....",,,,,,,,,,,,
Cluster A - Khelif / gender / eligibility,2104,Imane Khelif wasn't banned from World Boxing Organization | Snopes.com,2025-06-01,www.snopes.com,https://www.snopes.com/fact-check/imane-khelif-wbo/,high_precision,high,"imane khelif, khelif","boxing, boxer, female boxer, olympic boxing, algeria, algerian, eligibility, gender, sex, male, female",13,"About this rating

On May 30, 2025, World Boxing, a different sanctioning body from the World Boxing Organization, announced that Khelif would not be allowed to compete in its events until passing a genetic sex-screening test.

In 2023, hours before her gold medal bout in the Women's World B...",,,,,,,,,,,,
Cluster A - Khelif / gender / eligibility,3110,Imane Khelif’s gold medal run shows how sex testing in women’s sports puts regulators in an impossible bind,,theconversation.com,https://theconversation.com/imane-khelifs-gold-medal-run-shows-how-sex-testing-in-womens-sports-puts-regulators-in-an-impossible-bind-236211,high_precision,high,"imane khelif, khelif","boxing, boxer, women boxing, olympic boxing, algeria, eligibility, gender, sex, intersex, male, female",13,"...intment.



Penn Stateprovides funding as a founding partner of The Conversation US.

View all partners

https://doi.org/10.64628/AAI.hma4r5fga

Share article

Print article

With the judges unanimously declaring her the victorover China’s Yang Liu, Algeria’sImane Khelifsecured the gold medal in the women’s boxing 66-kilogram (146-pound) weight class, capping an Olympic run beset with controversy and misinformation.

The saga began during Khelif’s preliminary match, when she delivered a painful...",,,,,,,,,,,,
Cluster A - Khelif / gender / eligibility,3112,"Misinformation, abuse and injustice: breaking down the Olympic boxing firestorm",,theconversation.com,https://theconversation.com/misinformation-abuse-and-injustice-breaking-down-the-olympic-boxing-firestorm-236061,high_precision,high,"imane khelif, khelif","boxing, boxer, olympic boxing, algeria, algerian, eligibility, gender, sex, gender test, male, female",13,"Professor in Sociology of Sport and Gender, University of Waikato

Research fellow, Swinburne University of Technology

Holly Thorpe has previously received funding from an IOC research programme grant to study youth perceptions of the Olympic Games.

Ryan Storr consults to Proud2Play....",,,,,,,,,,,,
Cluster A - Khelif / gender / eligibility,3125,Imane Khelif is taking the Olympic boxing ring after days of gender outcry,2024-08-03,www.scrippsnews.com,https://www.scrippsnews.com/sports/paris-2024-olympics/imane-khelif-is-taking-the-olympic-boxing-ring-after-days-of-gender-outcry,high_precision,high,"imane khelif, khelif","boxing, boxer, women's boxing, olympic boxing, algeria, algerian, eligibility, gender, gender test, male, female",13,"Algerian boxer Imane Khelif takes to the ring at the Paris Olympics again Saturday following days of sharp scrutiny and online abuse as misconceptions about her gender have exploded into a larger clash about identity in sports.

Khelif meets Anna Luc...",,,,,,,,,,,,
Cluster A - Khelif / gender / eligibility,3126,Olympic boxer Imane Khelif calls for end to bullying over gender misconceptions,2024-08-05,www.scrippsnews.com,https://www.scrippsnews.com/paris-2024-olympics/olympic-boxer-imane-khelif-calls-for-end-to-bullying-after-backlash-over-gender-misconceptions,high_precision,high,"imane khelif, khelif","boxing, boxer, women's boxing, olympic boxing, algeria, algerian, eligibility, gender, gender test, male, female",13,"Olympic boxer Imane Khelif said the wave of hateful scrutiny she has faced over misconceptions about her gender “harms human dignity,” and she called for an end to bullying athletes after being greatly affected by the international backlash against her.

The...",,,,,,,,,,,,
Cluster A - Khelif / gender / eligibility,3144,Human Rights Lawyer: Olympic Boxer’s ‘Cyberbullies’ Lawsuit A Threat To Free Speech - modernity,2024-08-14,modernity.news,https://modernity.news/2024/08/14/human-rights-lawyer-olympic-boxers-cyberbullies-lawsuit-a-threat-to-free-speech/,high_precision,high,"imane khelif, khelif","boxing, boxer, female boxer, algeria, algerian, eligibility, gender, sex, gender test, male, female",13,"...direct to your inbox and other special offers! No more than 2 emails per day max.

You have successfully joined the  m o d e r n i t y  subscriber list. You will receive a newsletter soon!

A human rights lawyer has warned that a lawsuit brought by Algerian Olympic boxer Imane Khelif against the likes of Elon Musk and JK Rowling could set a significant precedent against free speech.

Khelif, who competed andwon a gold medalin the women’s welterweight division, despite having XY chromosomes, is...",,,,,,,,,,,,
Cluster B - Opening Ceremony / Christianity,242,Olympic “Christ” Threatens to Sue Critics Over “Last Supper” Backlash – JONATHAN TURLEY,2024-07-31,jonathanturley.org,https://jonathanturley.org/2024/07/31/olympic-christ-threatens-to-sue-critics-over-last-supper-backlash/comment-page-2/#comments,high_precision,high,"opening ceremony, last supper","christianity, christian, jesus, apostles, religion, religious, faith, biblical, mock, mockery, blasphemy, parody, offend, offensive",16,"Barbara Butch, the LGBTQ activist who was the center figure in the controversial “Last Supper” Paris Olympic scene is threatening to sue those criticizing her. Butch played the role (wearing a Christ-like halo) viewed by many as a spoof on Christ in the Last Supper. The creators insist that they were going for a type of “pagan par...",,,,,,,,,,,,
Cluster B - Opening Ceremony / Christianity,512,The Last Supper Mocked At Olympics Opening Ceremony By Drag Queens - Victory Girls Blog,2024-07-27,victorygirlsblog.com,https://victorygirlsblog.com/the-last-supper-mocked-at-olympics-opening-ceremony-by-drag-queens/,high_precision,high,"opening ceremony, last supper","christianity, christian, jesus, religion, religious, faith, mock, mockery, blasphemy, parody, offend, offensive",14,"The Last Supper Mocked At Olympics Opening Ceremony By Drag Queens

July 27, 2024

In a very jarring note at the Olympics, a group of drag queens enacted a show that literally mockedThe Last Supper.

The 2024 Paris Olympics kicked off Friday with the pro...",,,,,,,,,,,,
Cluster B - Opening Ceremony / Christianity,907,Christian faith leaders react to alleged parody of Last Supper at Paris Olympics: 'Grotesque mockery' | Fox News,2024-07-30,www.foxnews.com,https://www.foxnews.com/media/christians-react-apparent-mockery-last-supper-paris-olympics-grotesque-mockery,high_precision,high,"opening ceremony, last supper","christianity, christian, jesus, apostles, religion, religious, faith, mock, mockery, parody, offend, offensive",14,"...in real-time or delayed by at least 15 minutes. Market data provided byFactset. Powered and implemented byFactSet Digital Solutions.Legal Statement. Mutual Fund and ETF data provided byRefinitiv Lipper.

Bishop Robert Barron reacts to a drag queens parody allegedly mocking Christianity at the 2024 Paris Olympics on 'Fox News Live.'

A series of drag queens who appeared to parody the iconic Leonardo da Vinci painting of ""The Last Supper"" during the opening ceremony of the 2024 Paris Olympic Game...",,,,,,,,,,,,
Cluster B - Opening Ceremony / Christianity,8830,"WATCH: Paris Olympics 'sorry' for Last Supper 'offense,' but Christians are not buying it * WorldNetDaily * by Joe Kovacs",2024-07-29,www.wnd.com,https://www.wnd.com/2024/07/watch-paris-olympics-sorry-for-last-supper-offense-but-christians-are-not-buying-it,high_precision,high,"opening ceremony, last supper","christianity, christian, jesus, apostles, religious, faith, biblical, mock, mockery, blasphemy, offend, offensive",14,"ByJoe Kovacs

July 29, 2024



Officials with 2024 Olympic Games in Paris are offering an apology of sorts in connection with their intentional pagan reimagining of Jesus’ Last Supper featuring an obese woman and drag queens, but many Christians are not accepting their sentiment.

“Clearly there was never intention to show disrespect to any religious group. On the contrary, we intended to show tolerance and comm...",,,,,,,,,,,,
Cluster B - Opening Ceremony / Christianity,1805,"Drag queen in Olympic opening ceremony has no regrets, calls it ‘a photograph of France in 2024’ – Winnipeg Free Press",2024-08-01,www.winnipegfreepress.com,https://www.winnipegfreepress.com/arts-and-life/entertainment/celebrities/2024/07/31/drag-queen-in-olympic-opening-ceremony-has-no-regrets-calls-it-a-photograph-of-france-in-2024,high_precision,high,"opening ceremony, last supper","christianity, christian, jesus, apostles, religion, religious, faith, mock, mockery, parody, offend",13,"...ral France, Hugo Bardin never felt he lived in a world that represented who he was — a world in which he had a place.

And that is why Bardin, who performs as the drag queen Paloma, felt it was meaningful and important to be part of a Paris Olympics opening ceremony that presented a multifaceted, multiethnic France with people of different ethnicities and orientations.

“It was a really important moment for the French people and the representation of France around the world,” says Paloma, who to...",,,,,,,,,,,,
Cluster B - Opening Ceremony / Christianity,1819,'Grossophobic': LGBT activist whose Olympic stunt ridiculed Christianity threatens to sue critics * WorldNetDaily * by Bob Unruh,2024-07-31,www.wnd.com,https://www.wnd.com/2024/07/grossophobic-lgbt-activist-whose-olympic-stunt-ridiculed-christianity-threatens-to-sue-critics/,high_precision,high,"opening ceremony, last supper","christianity, christian, jesus, religion, religious, faith, biblical, mock, mockery, blasphemy, offend",13,"ByBob Unruh

July 31, 2024

Barbara Butch, a radical LGBT activist who was part of a stunt at the Paris Olympics opening ceremonies that mocked Christianity, now is threatening to sue those who are criticizing her.

And an American legal expert,constitutional scholar Jonathan Turley,is explaining the anti-free speech laws and conditions in France create a much more conducive atmospher...",,,,,,,,,,,,
Cluster B - Opening Ceremony / Christianity,4004,Paris Olympics churns on as Last Supper parody draws intense scrutiny,2026-01-14,www.foxnews.com,https://www.foxnews.com/live-news/2024-summer-olympics-opening-weekend-paris,high_precision,high,"opening ceremony, last supper","christianity, christian, jesus, apostles, religious, faith, biblical, mock, mockery, parody, offend",13,"...he fire,” Omot said.

“Obviously, we felt disrespected when that happened. ... I feel like for us we’ve got to continue to show the world what we’re capable of.”

The Associated Press contributed to this report.



A Paris 2024 official defended the opening ceremony atthe Olympicsamid an uproar over the depiction of The Last Supper during the event.

The ceremony’s segment appeared to resemble a depiction of The Last Supper, famously painted by Leonardo da Vinci. The performance ensemble include...",,,,,,,,,,,,
Cluster B - Opening Ceremony / Christianity,37,Olympics 2024: Drag queen in ceremony addresses 'Last Supper' controversy | AP News,2024-07-31,apnews.com,https://apnews.com/article/olympics-2024-opening-ceremony-drag-queen-paloma-80ffb114bd84229d4e2b12506871b443,high_precision,high,"opening ceremony, last supper","christianity, christian, jesus, apostles, religion, religious, mock, mockery, parody, offend",12,"Copyright 2025 The Associated Press. All Rights Reserved.

Copyright 2025 The Associated Press. All Rights Reserved.

Hugo Bardin, who performs as the drag queen Paloma, felt it was meaningful and important to be part of a Paris Olympics opening ceremony that presented a multifaceted, multi-ethnic France with people of different ethnicities and orientations.

Hugo Bardin who performs as the drag queen Paloma speaks, during an interview with The Associated Press in Paris, France, Wedn...",,,,,,,,,,,,
Cluster B - Opening Ceremony / Christianity,113,Crux,2024-07-29,cruxnow.com,https://cruxnow.com/church-in-europe/2024/07/paris-olympic-committee-makes-soft-apology-for-last-supper-drag-parody/,high_precision,high,"opening ceremony, last supper","christian, jesus, religion, religious, faith, biblical, mock, parody, offend, offensive",12,"Drag queen Piche prepares to perform at the Debilly Bridge in Paris during the opening ceremony of the 2024 Summer Olympics, Friday, July 26, 2024. (Credit: Tsvangirayi Mukwazhi/AP.)

ROME – Representatives of the Paris 2024 Olympics Committee have apologized to anyone offended by a drag parody of the Last Supper during the ope...",,,,,,,,,,,,
Cluster B - Opening Ceremony / Christianity,375,Paris Olympics Opening Ceremony Hurts Religious Sentiments,2024-07-29,propakistani.pk,https://propakistani.pk/2024/07/29/blasphemous-paris-olympics-opening-ceremony-hurts-religious-sentiments/,high_precision,high,"opening ceremony, last supper","christian, jesus, apostles, religion, religious, faith, mock, mockery, blasphemy, parody",12,"The opening ceremony of theParis Summer Olympicson Friday night ignited a global controversy after featuring a parody of Leonardo Da Vinci’s iconic painting “The Last Supper,” depicted by drag queens. The scene has been criticized by many as “shocking an...",,,,,,,,,,,,
Cluster B - Opening Ceremony / Christianity,590,"The Paris Olympics ‘Last Supper,’ the French Revolution and punching down on a Catholic minority - America Magazine",2024-08-06,www.americamagazine.org,https://www.americamagazine.org/politics-society/2024/08/06/paris-olympics-opening-ceremony-last-supper-catholic-french-revolution/,high_precision,high,"opening ceremony, last supper","christianity, christian, jesus, religion, religious, faith, mock, mockery, blasphemy, offend",12,"America Magazine

The Jesuit Review

It’sdéjà vuall over again. Or at least that’s the way the French Olympic controversy feels. Cultural elites mocking Christian symbols? In France?Sacrébleu!How did they come up with something so original? Drag queens? How transgressive! Only the flabby Smurf was new.

My first reaction to the silhouette of Da Vinci’s “The Last Supper” filled in with a table...",,,,,,,,,,,,
Cluster B - Opening Ceremony / Christianity,714,Muslim leaders condemn ‘disgraceful’ Olympics scene: It ‘offended us as much as them’ | Catholic News Agency,2024-07-30,www.catholicnewsagency.com,https://www.catholicnewsagency.com/news/258450/muslim-leaders-condemn-disgraceful-olympics-scene-it-offended-us-as-much-as-them,high_precision,high,"opening ceremony, last supper","christian, jesus, apostles, religion, religious, faith, mock, parody, offend, offensive",12,"ByKate Quiñones

CNA Staff, Jul 30, 2024 /
            16:22 pm

Top government officials in Iran and Turkey, along with other Muslim religious figures, are speaking out against the drag-queen-led parody of the Last Supper at the Paris Olympics opening ceremony that shocked Christians and others across the world.

The supreme leader of Iran, Ayatollah Ali Khamenei, condemned the “i...",,,,,,,,,,,,
Cluster B - Opening Ceremony / Christianity,716,Catholic bishops around the world demand IOC formal apology for ‘blasphemous’ Olympic opening | Catholic News Agency,2024-08-02,www.catholicnewsagency.com,https://www.catholicnewsagency.com/news/258469/catholic-bishops-demand-ioc-formal-apology-for-blasphemous-olympic-opening,high_precision,high,"opening ceremony, last supper","christian, jesus, religious, faith, mock, mockery, blasphemy, parody, offend, offensive",12,"...wsroom, Aug 2, 2024 /
            09:00 am

In a strongly worded open letter, Catholic cardinals and bishops from around the world are calling on the International Olympic Committee (IOC) to “repudiate” and “apologize” for the “intentionally hateful mockery”of the Last Supperduring the opening ceremony of the Paris 2024 Olympics.

In addition, “the undersigned commit to a day of prayer and fasting in reparation for this blasphemy.”

The letter was signed by three cardinals and 24 bishops as of F...",,,,,,,,,,,,
Cluster B - Opening Ceremony / Christianity,760,"Drag queen in Olympic opening ceremony has no regrets, calls it ‘a photograph of France in 2024’",2024-07-31,www.click2houston.com,https://www.click2houston.com/entertainment/2024/07/31/drag-queen-in-olympic-opening-ceremony-has-no-regrets-calls-it-a-photograph-of-france-in-2024/,high_precision,high,"opening ceremony, last supper","christianity, christian, jesus, apostles, religion, religious, mock, mockery, parody, offend",12,"...tral France, Hugo Bardin never felt he lived in a world that represented who he was — a world in which he had a place.

And that is why Bardin, who performs as the drag queen Paloma, felt it was meaningful and important to be part ofa Paris Olympics opening ceremonythat presented a multifaceted, multiethnic France with people of different ethnicities and orientations.

Recommended Videos

“It was a really important moment for the French people and the representation of France around the world,”...",,,,,,,,,,,,
Cluster B - Opening Ceremony / Christianity,911,"WaPo columnist defends Olympics ‘Last Supper’ display, says artist may be ‘better worshiper’ than critics | Fox News",2024-08-01,www.foxnews.com,https://www.foxnews.com/media/wapo-columnist-defends-olympics-last-supper-display-artist-may-better-worshipper-critics,high_precision,high,"opening ceremony, last supper","christianity, christian, jesus, apostles, religious, faith, mock, mockery, parody, offend",12,"...in real-time or delayed by at least 15 minutes. Market data provided byFactset. Powered and implemented byFactSet Digital Solutions.Legal Statement. Mutual Fund and ETF data provided byRefinitiv Lipper.

Bishop Robert Barron reacts to a drag queens parody allegedly mocking Christianity at the 2024 Paris Olympics on 'Fox News Live.'

Washington Post columnist Sally Jenkins blasted Christian and conservative critics of the apparent Last Supper mockery depicted at the Paris Olympics opening ceremo...",,,,,,,,,,,,
Cluster B - Opening Ceremony / Christianity,1149,Drag queen in Olympic opening ceremony has no regrets,2024-07-31,www.mercurynews.com,https://www.mercurynews.com/2024/07/31/drag-queen-in-olympic-opening-ceremony-has-no-regrets/,high_precision,high,"opening ceremony, last supper","christianity, christian, jesus, apostles, religion, religious, mock, mockery, parody, offend",12,"...tral France, Hugo Bardin never felt he lived in a world that represented who he was — a world in which he had a place.

And that is why Bardin, who performs as the drag queen Paloma, felt it was meaningful and important to be part ofa Paris Olympics opening ceremonythat presented a multifaceted, multiethnic France with people of different ethnicities and orientations.

“It was a really important moment for the French people and the representation of France around the world,” says Paloma, who too...",,,,,,,,,,,,
Cluster B - Opening Ceremony / Christianity,1335,"'An Abomination, Blasphemy': Paris Olympics Drag Show Parodying The Last Supper Sparks Outrage | WATCH | World News - News18",2024-07-27,www.news18.com,https://www.news18.com/world/an-abomination-blasphemy-paris-olympics-ceremony-sparks-outrage-with-drag-queens-parodying-last-supper-8980405.html,high_precision,high,"opening ceremony, last supper","christianity, christian, jesus, apostles, religious, faith, mock, mockery, blasphemy, parody",12,"A performance at theParis Olympicsopening ceremony has sparked backlash, particularly from the Christian community after the show featured drag queens posing behind a table reminiscent of Leonardo da Vinci’s depiction of the ‘Last Supper,’ where Jesus dined with his apostles.

One pe...",,,,,,,,,,,,
Cluster B - Opening Ceremony / Christianity,1356,Pastors Counter Conservative Fury Over Olympics ‘Last Supper’ Performance - Newsweek,2024-07-28,www.newsweek.com,https://www.newsweek.com/pastors-counter-conservative-christian-fury-over-olympics-last-supper-performance-1931202,high_precision,high,"opening ceremony, last supper","christianity, christian, jesus, apostles, religious, faith, mock, mockery, offend, offensive",12,"Published

Jul 28, 2024 at 01:18 PM EDT

updated

Jul 29, 2024 at 08:29 AM EDT

Politics and Culture Reporter

Two pastors have publicly pushed back against claims from conservatives that a scene from the Paris Olympic opening ceremony depicted the ""Last Supper,"" instead countering that it represented the Feast of Dionysus.

On Friday evening, the four-hour Olympic opening ceremony showcased a blend of modern and historic French culture, featuring diverse artistic...",,,,,,,,,,,,
Cluster B - Opening Ceremony / Christianity,1357,Trump on LA 2028 Olympics: ‘We Won’t Be Having a Last Supper’ - Newsweek,2024-07-30,www.newsweek.com,https://www.newsweek.com/trump-la-2028-olympics-comment-last-supper-1931951,high_precision,high,"opening ceremony, last supper","christianity, christian, jesus, apostles, religious, faith, mock, mockery, offend, offensive",12,"...he will use his power to influence the organizers of the 2028Olympics, which will take place in Los Angeles, California.

Speaking toLaura Ingrahamon FOX News during an interview Monday, theRepublicancandidate and former president condemned Friday's opening ceremony of the Paris 2024 Olympic Games.

""I thought that the opening ceremony was a disgrace, actually,""said Trump. ""I thought it was a disgrace.""

He appeared to be referring to a scene in which a group of drag artists and dancers were pos...",,,,,,,,,,,,
Cluster B - Opening Ceremony / Christianity,1358,Vatican Issues ‘Unusual’ Response to Olympics ‘Last Supper’ Controversy - Newsweek,2024-08-03,www.newsweek.com,https://www.newsweek.com/vatican-holy-see-respond-last-summer-opening-paris-olympic-games-1934237,high_precision,high,"opening ceremony, last supper","christian, jesus, apostles, religion, religious, biblical, mock, mockery, parody, offensive",12,"Published

Aug 03, 2024 at 06:08 PM EDT

Weekend Night Editor

In a long-awaited move, the Vatican has finally weighed in on the ongoing debate surrounding acontroversial segmentfrom the 2024 ParisOlympicsopening ceremony, issuing a rare weekend press release expressing disappointment over what many perceived as a parody of Leonardo da Vinci's iconic ""The Last Supper"" painting.

The statement, released Saturday evening in French reported byReuters, ma...",,,,,,,,,,,,
Cluster B - Opening Ceremony / Christianity,1414,Controversial Last Supper Tableau At The 2024 Olympics | Mishael Austin Witty,2024-08-15,www.patheos.com,https://www.patheos.com/blogs/doyouwanttogetwell/2024/08/controversial-last-supper-tableau-at-the-2024-olympics/,high_precision,high,"opening ceremony, last supper","christianity, christian, jesus, apostles, religious, mock, mockery, parody, offend, offensive",12,"The Last Supper tableau at the 2024 Summer Olympics caused a great deal of controversy. But are Christians missing an opportunity to show grace and share the truth about who Jesus was?/AI-generated image usingWritesonic

The 2024 Paris Olympics wrapped u...",,,,,,,,,,,,
Cluster B - Opening Ceremony / Christianity,1417,Olympics 2024: Celebrating Dionysius At The Lord’s Table? | Anthony Costello,2024-07-31,www.patheos.com,https://www.patheos.com/blogs/theologicalapologetics/2024/07/olympics-2024-celebrating-dionysius-at-the-lords-table/,high_precision,high,"opening ceremony, last supper","christianity, christian, jesus, religion, religious, faith, biblical, mock, mockery, parody",12,"Editors Note: This is a guest post by Christian author and speakerKaon Serjani.

Immediately following theOpening Ceremony of the Paris 2024 Olympics, there was global controversy among Christians who interpreted certain segments as a mockery ofDa Vinci’s The Last Supper. Some organizers...",,,,,,,,,,,,
Cluster B - Opening Ceremony / Christianity,1480,"Drag Queens admit Paris Olympic Games performance as parody of ""The Last Supper"" | RVA",2024-08-02,www.rvasia.org,https://www.rvasia.org/asian-news/drag-queens-admit-paris-olympic-games-performance-parody-last-supper,high_precision,high,"opening ceremony, last supper","christianity, christian, religious, faith, biblical, mock, mockery, parody, offend, offensive",12,"The artists involved in the opening ceremony of the 2024 Olympic Games have disclosed that their performance was, in fact,a parody of Leonardo da Vinci's ""The Last Supper.""

The admission was made in online social media posts and statements to the media.

Speaking to the French...",,,,,,,,,,,,
Cluster B - Opening Ceremony / Christianity,1481,"Drag Queens admit Paris Olympic Games performance as parody of ""The Last Supper"" | RVA",2024-08-02,www.rvasia.org,https://www.rvasia.org/index.php/asian-news/drag-queens-admit-paris-olympic-games-performance-parody-last-supper,high_precision,high,"opening ceremony, last supper","christianity, christian, religious, faith, biblical, mock, mockery, parody, offend, offensive",12,"The artists involved in the opening ceremony of the 2024 Olympic Games have disclosed that their performance was, in fact,a parody of Leonardo da Vinci's ""The Last Supper.""

The admission was made in online social media posts and statements to the media.

Speaking to the French...",,,,,,,,,,,,
Cluster B - Opening Ceremony / Christianity,1581,Paris LOC apologises to Christians over 'offensive segment' of Olympics opening ceremony | TheCable,2024-07-28,www.thecable.ng,https://www.thecable.ng/paris-loc-apologises-to-christians-over-offensive-segment-at-olympics-opening-ceremony/,high_precision,high,"opening ceremony, last supper","christianity, christian, jesus, apostles, religion, religious, biblical, mock, mockery, offensive",12,"The organisers of the Paris Olympics have apologised over some scenes from the event’s opening ceremony that have been described as a mockery of Christianity.

The Paris Olympics opening ceremony was held on Friday on the River Seine.

Boats ferried participating countries in parades over the body of water, and the event featured music...",,,,,,,,,,,,
