topic_id,topic_cluster,topic_subcluster,cluster_role,candidate_narrative,relevance_label,priority_for_review,global_score,topic_observations,top_phrases_from_cluster_file,top_phrases_from_topics_json,analyzer_rows,related_dipoles_count,related_dipoles,top_labels_from_analyzer,avg_pi_from_analyzer,max_pi_from_analyzer,sum_obs_in_analyzer,max_obs_in_analyzer,related_fellowships_count,related_fellowships,group_topic_rows_count,group_topic_fellowships,group_topic_summary,fellowship_members_summary,top_entities,top_side_1_entities,top_side_2_entities,avg_positive_ratio_from_dipoles,avg_negative_ratio_from_dipoles,sum_pos_edges_from_dipoles,sum_neg_edges_from_dipoles,keep_for_final_analysis,main_actor_entities,main_fellowship_interpretation,final_interpretive_notes
t975131,Cluster A - Gender / eligibility / identity,A2 - Eligibility / sex classification,core,gender controversy,strong_candidate,high,5.883142758142758,510,"a female | gender | both genders | ""gender | genders | each gender | their gender | the gender | not gender | Gender","a female | gender | gender | both genders | gender | ""gender | gender | gender | gender | gender",48,48,D93_186 (1) | D6_38 (1) | D31_70 (1) | D97_102 (1) | D10_376 (1) | D30_38 (1) | D21_111 (1) | D186_834 (1) | D21_186 (1) | D30_911 (1),Polarization1 (11) | Polarization0 (11) | Polarization5 (6) | Polarization8 (6) | Polarization6 (5) | Polarization4 (3) | Polarization10 (2) | Polarization9 (2) | Polarization3 (2),0.5481365154536426,1.0,510,35,31,F10 (1) | F30 (1) | F54 (1) | F60 (1) | F66 (1) | F97 (1) | F160 (1) | F175 (1) | F728 (1) | F93 (1),9,F10 (1) | F30 (1) | F54 (1) | F60 (1) | F66 (1) | F97 (1) | F160 (1) | F175 (1) | F728 (1),"F10 (cohesiveness=1.0, member_size=13, member_ratio=0.0769230769230769) | F30 (cohesiveness=1.0, member_size=8, member_ratio=0.125) | F54 (cohesiveness=1.0, member_size=7, member_ratio=0.1428571428571428) | F60 (cohesiveness=1.0, member_size=6, member_ratio=0.1666666666666666) | F66 (cohesiveness=1.0, member_size=6, member_ratio=0.1666666666666666) | F97 (cohesiveness=1.0, member_size=5, member_ratio=0.2) | F160 (cohesiveness=1.0, member_size=3, member_ratio=0.3333333333333333) | F175 (cohesiveness=1.0, member_size=3, member_ratio=0.3333333333333333) | F728 (cohesiveness=1.0, member_size=1, member_ratio=1.0)","F10: http://dbpedia.org/resource/France, http://dbpedia.org/resource/Seine-Saint-Denis, http://dbpedia.org/resource/Thomas_the_Tank_Engine, http://dbpedia.org/resource/Foie_gras, http://dbpedia.org/resource/Gerald_Ford | F30: http://dbpedia.org/resource/Elon_Musk, http://dbpedia.org/resource/Women's_International_Boxing_Association, http://dbpedia.org/resource/Imane_Khelif, http://dbpedia.org/resource/Algeria_national_football_team, http://dbpedia.org/resource/Carini | F54: http://dbpedia.org/resource/United_Kingdom, http://dbpedia.org/resource/Netherlands_national_football_team, http://dbpedia.org/resource/New_Zealand_national_rugby_league_team, http://dbpedia.org/resource/Northern_Ireland, http://dbpedia.org/resource/Eric_Liddell | F60: http://dbpedia.org/resource/Netherlands, http://dbpedia.org/resource/Sifan_Hassan, http://dbpedia.org/resource/Harrie_Lavreysen, http://dbpedia.org/resource/Mongolia, http://dbpedia.org/resource/Robin_Haase | F66: http://dbpedia.org/resource/Boxing, http://dbpedia.org/resource/Taipei, http://dbpedia.org/resource/Uzbekistan, http://dbpedia.org/resource/Bulgaria, http://dbpedia.org/resource/Lin_Yu-ting | F97: http://dbpedia.org/resource/Thomas_Bach, http://dbpedia.org/resource/Independent_Broadcasting_Authority, http://dbpedia.org/resource/President_of_the_International_Olympic_Committee, http://dbpedia.org/resource/Angela_Carini, http://dbpedia.org/resource/TASS | F160: http://dbpedia.org/resource/Juris_Doctor, http://dbpedia.org/resource/Zebulon_Baird_Vance, http://dbpedia.org/resource/JD.com | F175: http://dbpedia.org/resource/Die_Warzau, http://dbpedia.org/resource/Thomas_Otway, http://dbpedia.org/resource/Judy_Murray | F728: http://dbpedia.org/resource/Kingdom_of_Italy | F93: http://dbpedia.org/resource/Israel, http://dbpedia.org/resource/Agence_France-Presse, http://dbpedia.org/resource/Miki_Zohar, http://dbpedia.org/resource/Isaac_Herzog, http://dbpedia.org/resource/RSS",http://dbpedia.org/resource/Paris (8) | http://dbpedia.org/resource/Thomas_Bach (7) | http://dbpedia.org/resource/Independent_Broadcasting_Authority (7) | http://dbpedia.org/resource/President_of_the_International_Olympic_Committee (7) | http://dbpedia.org/resource/Angela_Carini (7) | http://dbpedia.org/resource/TASS (7) | http://dbpedia.org/resource/Elon_Musk (7) | http://dbpedia.org/resource/Women's_International_Boxing_Association (7) | http://dbpedia.org/resource/Imane_Khelif (7) | http://dbpedia.org/resource/Algeria_national_football_team (7) | http://dbpedia.org/resource/Carini (7) | http://dbpedia.org/resource/Ralph_Kirkpatrick (7),http://dbpedia.org/resource/Elon_Musk (6) | http://dbpedia.org/resource/Women's_International_Boxing_Association (6) | http://dbpedia.org/resource/Imane_Khelif (6) | http://dbpedia.org/resource/Algeria_national_football_team (6) | http://dbpedia.org/resource/Carini (6) | http://dbpedia.org/resource/Ralph_Kirkpatrick (6) | http://dbpedia.org/resource/Chinese_Taipei (6) | http://dbpedia.org/resource/Liu_Yang_(violinist) (6),http://dbpedia.org/resource/Paris (8) | http://dbpedia.org/resource/Christianity (5) | http://dbpedia.org/resource/Family_of_Donald_Trump (5) | http://dbpedia.org/resource/Tate (5) | http://dbpedia.org/resource/Matteo_Salvini (5) | http://dbpedia.org/resource/Second_Spanish_Republic (5) | http://dbpedia.org/resource/C_Spire (5) | http://dbpedia.org/resource/Mississippi (5),0.005208333333333333,0.9947916666666666,1,61,,,,
t628516,Cluster A - Gender / eligibility / identity,A2 - Eligibility / sex classification,core,gender controversy,candidate,high,1.714285714285714,36,gender eligibility criteria | her gender eligibility | the gender eligibility criteria | its gender eligibility criteria | the necessary gender eligibility criteria | gender eligibility requirements | all the gender eligibility requirements | gender eligibility standards | gender eligibility rules | its gender eligibility rules,gender eligibility criteria | her gender eligibility | gender eligibility criteria | gender eligibility criteria | the gender eligibility criteria | the gender eligibility criteria | gender eligibility criteria | gender eligibility criteria | the gender eligibility criteria | gender eligibility criteria,7,7,D97_102 (1) | D6_72 (1) | D6_52 (1) | D97_184 (1) | D30_97 (1) | D9_30 (1) | D52_72 (1),Polarization4 (3) | Polarization7 (3) | Polarization1 (1),0.42857142857142855,0.6666666666666667,36,9,17,F2 (1) | F14 (1) | F30 (1) | F42 (1) | F44 (1) | F66 (1) | F93 (1) | F97 (1) | F98 (1) | F102 (1),12,F2 (1) | F14 (1) | F30 (1) | F42 (1) | F44 (1) | F66 (1) | F93 (1) | F97 (1) | F98 (1) | F102 (1),"F2 (cohesiveness=1.0, member_size=16, member_ratio=0.0625) | F14 (cohesiveness=1.0, member_size=11, member_ratio=0.0909090909090909) | F30 (cohesiveness=1.0, member_size=8, member_ratio=0.375) | F42 (cohesiveness=1.0, member_size=7, member_ratio=0.1428571428571428) | F44 (cohesiveness=1.0, member_size=7, member_ratio=0.1428571428571428) | F66 (cohesiveness=1.0, member_size=6, member_ratio=0.6666666666666666) | F93 (cohesiveness=1.0, member_size=5, member_ratio=0.2) | F97 (cohesiveness=0.5, member_size=5, member_ratio=0.4) | F98 (cohesiveness=1.0, member_size=5, member_ratio=0.4) | F102 (cohesiveness=1.0, member_size=5, member_ratio=0.2)","F2: http://dbpedia.org/resource/China, http://dbpedia.org/resource/Qin_Haiyang, http://dbpedia.org/resource/Thailand, http://dbpedia.org/resource/Yiwu, http://dbpedia.org/resource/Qingyi_River_(Sichuan) | F14: http://dbpedia.org/resource/Jamaica, http://dbpedia.org/resource/Toots_Hibbert, http://dbpedia.org/resource/Seville, http://dbpedia.org/resource/Jamaicans, http://dbpedia.org/resource/Marcell_Jacobs | F30: http://dbpedia.org/resource/Elon_Musk, http://dbpedia.org/resource/Women's_International_Boxing_Association, http://dbpedia.org/resource/Imane_Khelif, http://dbpedia.org/resource/Algeria_national_football_team, http://dbpedia.org/resource/Carini | F42: http://dbpedia.org/resource/Emma_Hayes, http://dbpedia.org/resource/Morocco_national_football_team, http://dbpedia.org/resource/Zambia_national_football_team, http://dbpedia.org/resource/Barbra_Banda, http://dbpedia.org/resource/OGC_Nice | F44: http://dbpedia.org/resource/Tokyo, http://dbpedia.org/resource/COVID-19_pandemic, http://dbpedia.org/resource/Aidan_Walsh, http://dbpedia.org/resource/Rai_Benjamin, http://dbpedia.org/resource/Tim_Hodgkinson | F66: http://dbpedia.org/resource/Boxing, http://dbpedia.org/resource/Taipei, http://dbpedia.org/resource/Uzbekistan, http://dbpedia.org/resource/Bulgaria, http://dbpedia.org/resource/Lin_Yu-ting | F93: http://dbpedia.org/resource/Israel, http://dbpedia.org/resource/Agence_France-Presse, http://dbpedia.org/resource/Miki_Zohar, http://dbpedia.org/resource/Isaac_Herzog, http://dbpedia.org/resource/RSS | F97: http://dbpedia.org/resource/Thomas_Bach, http://dbpedia.org/resource/Independent_Broadcasting_Authority, http://dbpedia.org/resource/President_of_the_International_Olympic_Committee, http://dbpedia.org/resource/Angela_Carini, http://dbpedia.org/resource/TASS | F98: http://dbpedia.org/resource/India_national_cricket_team, http://dbpedia.org/resource/Neeraj_Chopra, http://dbpedia.org/resource/New_Delhi, http://dbpedia.org/resource/Phogat_sisters, http://dbpedia.org/resource/United_World_Wrestling | F102: http://dbpedia.org/resource/Taiwan, http://dbpedia.org/resource/Democratic_Progressive_Party, http://dbpedia.org/resource/Kaohsiung, http://dbpedia.org/resource/Lai_people, http://dbpedia.org/resource/Julia_the_Elder","http://dbpedia.org/resource/Thomas_Bach (3) | http://dbpedia.org/resource/Independent_Broadcasting_Authority (3) | http://dbpedia.org/resource/President_of_the_International_Olympic_Committee (3) | http://dbpedia.org/resource/Angela_Carini (3) | http://dbpedia.org/resource/TASS (3) | http://dbpedia.org/resource/International_Olympic_Committee (2) | http://dbpedia.org/resource/Mark_Adams_(basketball,_born_May_1956) (2) | http://dbpedia.org/resource/Belarusians (2) | http://dbpedia.org/resource/Russians (2) | http://dbpedia.org/resource/Lausanne (2) | http://dbpedia.org/resource/Coca-Cola (2) | http://dbpedia.org/resource/German_language (2)","http://dbpedia.org/resource/Thomas_Bach (2) | http://dbpedia.org/resource/Independent_Broadcasting_Authority (2) | http://dbpedia.org/resource/President_of_the_International_Olympic_Committee (2) | http://dbpedia.org/resource/Angela_Carini (2) | http://dbpedia.org/resource/TASS (2) | http://dbpedia.org/resource/International_Olympic_Committee (2) | http://dbpedia.org/resource/Mark_Adams_(basketball,_born_May_1956) (2) | http://dbpedia.org/resource/Belarusians (2)",http://dbpedia.org/resource/Emmanuel_Macron (2) | http://dbpedia.org/resource/Government_of_Russia (2) | http://dbpedia.org/resource/Élysée_Palace (2) | http://dbpedia.org/resource/Xi_Jinping (2) | http://dbpedia.org/resource/Gabriel_Attal (2) | http://dbpedia.org/resource/Brigitte_Macron (2) | http://dbpedia.org/resource/Taiwan (1) | http://dbpedia.org/resource/Democratic_Progressive_Party (1),0.03571428571428571,0.9642857142857143,1,15,,,,
t178651,Cluster A - Gender / eligibility / identity,A1 - Transgender / identity,core,gender controversy,candidate,high,0.0,27,"their gender identities | gender identity | ""gender identity | their gender identity | gender identities | Gender Identity | her gender identity | a gender identity | the gender identity | sexual and gender identities","their gender identities | gender identity | ""gender identity | gender identity | their gender identity | their gender identity | gender identity | gender identities | Gender Identity | gender identity",5,5,D97_102 (1) | D97_184 (1) | D30_97 (1) | D184_698 (1) | D184_910 (1),Polarization1 (4) | Polarization9 (1),0.16111111111111112,0.8055555555555556,27,8,6,F30 (1) | F97 (1) | F102 (1) | F184 (1) | F698 (1) | F910 (1),2,F30 (1) | F97 (1),"F30 (cohesiveness=1.0, member_size=8, member_ratio=0.125) | F97 (cohesiveness=1.0, member_size=5, member_ratio=0.2)","F30: http://dbpedia.org/resource/Elon_Musk, http://dbpedia.org/resource/Women's_International_Boxing_Association, http://dbpedia.org/resource/Imane_Khelif, http://dbpedia.org/resource/Algeria_national_football_team, http://dbpedia.org/resource/Carini | F97: http://dbpedia.org/resource/Thomas_Bach, http://dbpedia.org/resource/Independent_Broadcasting_Authority, http://dbpedia.org/resource/President_of_the_International_Olympic_Committee, http://dbpedia.org/resource/Angela_Carini, http://dbpedia.org/resource/TASS | F102: http://dbpedia.org/resource/Taiwan, http://dbpedia.org/resource/Democratic_Progressive_Party, http://dbpedia.org/resource/Kaohsiung, http://dbpedia.org/resource/Lai_people, http://dbpedia.org/resource/Julia_the_Elder | F184: http://dbpedia.org/resource/Fox_News, http://dbpedia.org/resource/Donald_Trump, http://dbpedia.org/resource/J._K._Rowling | F698: http://dbpedia.org/resource/President_of_the_United_States | F910: http://dbpedia.org/resource/Paris",http://dbpedia.org/resource/Thomas_Bach (3) | http://dbpedia.org/resource/Independent_Broadcasting_Authority (3) | http://dbpedia.org/resource/President_of_the_International_Olympic_Committee (3) | http://dbpedia.org/resource/Angela_Carini (3) | http://dbpedia.org/resource/TASS (3) | http://dbpedia.org/resource/Fox_News (3) | http://dbpedia.org/resource/Donald_Trump (3) | http://dbpedia.org/resource/J._K._Rowling (3) | http://dbpedia.org/resource/Elon_Musk (1) | http://dbpedia.org/resource/Women's_International_Boxing_Association (1) | http://dbpedia.org/resource/Imane_Khelif (1) | http://dbpedia.org/resource/Algeria_national_football_team (1),http://dbpedia.org/resource/Thomas_Bach (2) | http://dbpedia.org/resource/Independent_Broadcasting_Authority (2) | http://dbpedia.org/resource/President_of_the_International_Olympic_Committee (2) | http://dbpedia.org/resource/Angela_Carini (2) | http://dbpedia.org/resource/TASS (2) | http://dbpedia.org/resource/Fox_News (2) | http://dbpedia.org/resource/Donald_Trump (2) | http://dbpedia.org/resource/J._K._Rowling (2),http://dbpedia.org/resource/Taiwan (1) | http://dbpedia.org/resource/Democratic_Progressive_Party (1) | http://dbpedia.org/resource/Kaohsiung (1) | http://dbpedia.org/resource/Lai_people (1) | http://dbpedia.org/resource/Julia_the_Elder (1) | http://dbpedia.org/resource/Fox_News (1) | http://dbpedia.org/resource/Donald_Trump (1) | http://dbpedia.org/resource/J._K._Rowling (1),0.05,0.95,1,7,,,,
t977325,Cluster A - Gender / eligibility / identity,A1 - Transgender / identity,core,gender controversy,candidate,high,0.0,21,transgender athletes | transgender and intersex athletes | trans athletes | male-to-female transgender athletes | LGBTQ+ athletes | Which transgender athletes | a transgender athlete | transgender athlete | transgender women athletes | any transgender or non-binary athletes,transgender athletes | transgender athletes | transgender athletes | transgender athletes | transgender athletes | transgender athletes | transgender athletes | transgender athletes | transgender and intersex athletes | trans athletes,8,8,D133_910 (1) | D176_910 (1) | D50_56 (1) | D184_698 (1) | D96_910 (1) | D184_910 (1) | D56_910 (1) | D176_184 (1),Polarization1 (7) | Polarization0 (1),0.125,1.0,21,4,12,F29 (1) | F30 (1) | F227 (1) | F403 (1) | F910 (1) | F133 (1) | F176 (1) | F50 (1) | F56 (1) | F184 (1),5,F29 (1) | F30 (1) | F227 (1) | F403 (1) | F910 (1),"F29 (cohesiveness=1.0, member_size=8, member_ratio=0.125) | F30 (cohesiveness=1.0, member_size=8, member_ratio=0.125) | F227 (cohesiveness=1.0, member_size=2, member_ratio=0.5) | F403 (cohesiveness=1.0, member_size=1, member_ratio=1.0) | F910 (cohesiveness=1.0, member_size=1, member_ratio=1.0)","F29: http://dbpedia.org/resource/Moscow, http://dbpedia.org/resource/Belarus, http://dbpedia.org/resource/International_Paralympic_Committee, http://dbpedia.org/resource/Vladimir_Putin, http://dbpedia.org/resource/Government_of_China | F30: http://dbpedia.org/resource/Elon_Musk, http://dbpedia.org/resource/Women's_International_Boxing_Association, http://dbpedia.org/resource/Imane_Khelif, http://dbpedia.org/resource/Algeria_national_football_team, http://dbpedia.org/resource/Carini | F227: http://dbpedia.org/resource/Emily_Craig, http://dbpedia.org/resource/Imogen_Grant | F403: http://dbpedia.org/resource/Direct_Stream_Digital | F910: http://dbpedia.org/resource/Paris | F133: http://dbpedia.org/resource/New_Zealand_women's_national_football_team, http://dbpedia.org/resource/Colombia_national_football_team, http://dbpedia.org/resource/Oceania_Football_Confederation | F176: http://dbpedia.org/resource/Giorgia_Meloni, http://dbpedia.org/resource/Italian_language, http://dbpedia.org/resource/Prime_Minister_of_Italy | F50: http://dbpedia.org/resource/Novak_Djokovic, http://dbpedia.org/resource/French_Open, http://dbpedia.org/resource/Emma_Raducanu, http://dbpedia.org/resource/Dominik_Koepfer, http://dbpedia.org/resource/Alcaraz | F56: http://dbpedia.org/resource/Patrick_Star, http://dbpedia.org/resource/Sports_Illustrated, http://dbpedia.org/resource/BBC_Sport, http://dbpedia.org/resource/National_Football_League, http://dbpedia.org/resource/BBC_One | F184: http://dbpedia.org/resource/Fox_News, http://dbpedia.org/resource/Donald_Trump, http://dbpedia.org/resource/J._K._Rowling",http://dbpedia.org/resource/Paris (5) | http://dbpedia.org/resource/Fox_News (3) | http://dbpedia.org/resource/Donald_Trump (3) | http://dbpedia.org/resource/J._K._Rowling (3) | http://dbpedia.org/resource/Giorgia_Meloni (2) | http://dbpedia.org/resource/Italian_language (2) | http://dbpedia.org/resource/Prime_Minister_of_Italy (2) | http://dbpedia.org/resource/Patrick_Star (2) | http://dbpedia.org/resource/Sports_Illustrated (2) | http://dbpedia.org/resource/BBC_Sport (2) | http://dbpedia.org/resource/National_Football_League (2) | http://dbpedia.org/resource/BBC_One (2),http://dbpedia.org/resource/Giorgia_Meloni (2) | http://dbpedia.org/resource/Italian_language (2) | http://dbpedia.org/resource/Prime_Minister_of_Italy (2) | http://dbpedia.org/resource/Fox_News (2) | http://dbpedia.org/resource/Donald_Trump (2) | http://dbpedia.org/resource/J._K._Rowling (2) | http://dbpedia.org/resource/New_Zealand_women's_national_football_team (1) | http://dbpedia.org/resource/Colombia_national_football_team (1),http://dbpedia.org/resource/Paris (5) | http://dbpedia.org/resource/Patrick_Star (1) | http://dbpedia.org/resource/Sports_Illustrated (1) | http://dbpedia.org/resource/BBC_Sport (1) | http://dbpedia.org/resource/National_Football_League (1) | http://dbpedia.org/resource/BBC_One (1) | http://dbpedia.org/resource/BBC_iPlayer (1) | http://dbpedia.org/resource/President_of_the_United_States (1),0.0,1.0,0,8,,,,
t448823,Cluster A - Gender / eligibility / identity,A2 - Eligibility / sex classification,core,gender controversy,possible_candidate,high,1.3333333333333333,8,the first female | The first female | the 1st woman | the first woman | the first-ever woman | first woman | the first women | both the first woman | just the first woman | thefirst woman,the first female | The first female | the 1st woman | the 1st woman | the first woman | the first woman | the 1st woman | the 1st woman | the 1st woman | the 1st woman,3,3,D112_910 (1) | D178_911 (1) | D44_394 (1),Polarization1 (1) | Polarization0 (1) | Polarization6 (1),0.5,1.0,8,3,6,F911 (1) | F112 (1) | F910 (1) | F178 (1) | F44 (1) | F394 (1),1,F911 (1),"F911 (cohesiveness=1.0, member_size=1, member_ratio=1.0)","F911: http://dbpedia.org/resource/United_States | F112: http://dbpedia.org/resource/IOC_Refugee_Olympic_Team_at_the_2020_Summer_Olympics, http://dbpedia.org/resource/Ngambaa, http://dbpedia.org/resource/Cindy_McCain, http://dbpedia.org/resource/Cindy_Cunningham | F910: http://dbpedia.org/resource/Paris | F178: http://dbpedia.org/resource/USA_Gymnastics, http://dbpedia.org/resource/USA_Gymnastics_sex_abuse_scandal, http://dbpedia.org/resource/Jordan | F44: http://dbpedia.org/resource/Tokyo, http://dbpedia.org/resource/COVID-19_pandemic, http://dbpedia.org/resource/Aidan_Walsh, http://dbpedia.org/resource/Rai_Benjamin, http://dbpedia.org/resource/Tim_Hodgkinson | F394: http://dbpedia.org/resource/Russia_men's_national_ice_hockey_team",http://dbpedia.org/resource/IOC_Refugee_Olympic_Team_at_the_2020_Summer_Olympics (1) | http://dbpedia.org/resource/Ngambaa (1) | http://dbpedia.org/resource/Cindy_McCain (1) | http://dbpedia.org/resource/Cindy_Cunningham (1) | http://dbpedia.org/resource/USA_Gymnastics (1) | http://dbpedia.org/resource/USA_Gymnastics_sex_abuse_scandal (1) | http://dbpedia.org/resource/Jordan (1) | http://dbpedia.org/resource/Tokyo (1) | http://dbpedia.org/resource/COVID-19_pandemic (1) | http://dbpedia.org/resource/Aidan_Walsh (1) | http://dbpedia.org/resource/Rai_Benjamin (1) | http://dbpedia.org/resource/Tim_Hodgkinson (1),http://dbpedia.org/resource/IOC_Refugee_Olympic_Team_at_the_2020_Summer_Olympics (1) | http://dbpedia.org/resource/Ngambaa (1) | http://dbpedia.org/resource/Cindy_McCain (1) | http://dbpedia.org/resource/Cindy_Cunningham (1) | http://dbpedia.org/resource/USA_Gymnastics (1) | http://dbpedia.org/resource/USA_Gymnastics_sex_abuse_scandal (1) | http://dbpedia.org/resource/Jordan (1) | http://dbpedia.org/resource/Tokyo (1),http://dbpedia.org/resource/Paris (1) | http://dbpedia.org/resource/United_States (1) | http://dbpedia.org/resource/Russia_men's_national_ice_hockey_team (1),0.0,1.0,0,3,,,,
t721761,Cluster A - Gender / eligibility / identity,A1 - Transgender / identity,core,gender controversy,possible_candidate,high,1.1666666666666667,7,"the transgender | transgender | 'transgender | TRANSGENDER | no transgender | not transgender | a ""transgender"" person | trans | Trans | TRANS",the transgender | transgender | transgender | transgender | 'transgender | transgender | TRANSGENDER | transgender | transgender | transgender,3,3,D6_38 (1) | D184_698 (1) | D38_184 (1),Polarization6 (1) | Polarization0 (1) | Polarization1 (1),0.5,1.0,7,3,6,F38 (1) | F45 (1) | F129 (1) | F6 (1) | F184 (1) | F698 (1),3,F38 (1) | F45 (1) | F129 (1),"F38 (cohesiveness=1.0, member_size=7, member_ratio=0.1428571428571428) | F45 (cohesiveness=1.0, member_size=7, member_ratio=0.1428571428571428) | F129 (cohesiveness=1.0, member_size=4, member_ratio=0.25)","F38: http://dbpedia.org/resource/Christianity, http://dbpedia.org/resource/Family_of_Donald_Trump, http://dbpedia.org/resource/Tate, http://dbpedia.org/resource/Matteo_Salvini, http://dbpedia.org/resource/Second_Spanish_Republic | F45: http://dbpedia.org/resource/Jesus, http://dbpedia.org/resource/Pope_Francis, http://dbpedia.org/resource/Sheridan_Crane, http://dbpedia.org/resource/History_of_Christianity, http://dbpedia.org/resource/Archbishop | F129: http://dbpedia.org/resource/Clarence_Thomas, http://dbpedia.org/resource/Vicente_Padilla, http://dbpedia.org/resource/Leonardo_da_Vinci, http://dbpedia.org/resource/Renaissance | F6: http://dbpedia.org/resource/International_Olympic_Committee, http://dbpedia.org/resource/Mark_Adams_(basketball,_born_May_1956), http://dbpedia.org/resource/Belarusians, http://dbpedia.org/resource/Russians, http://dbpedia.org/resource/Lausanne | F184: http://dbpedia.org/resource/Fox_News, http://dbpedia.org/resource/Donald_Trump, http://dbpedia.org/resource/J._K._Rowling | F698: http://dbpedia.org/resource/President_of_the_United_States","http://dbpedia.org/resource/Fox_News (2) | http://dbpedia.org/resource/Donald_Trump (2) | http://dbpedia.org/resource/J._K._Rowling (2) | http://dbpedia.org/resource/Christianity (2) | http://dbpedia.org/resource/Family_of_Donald_Trump (2) | http://dbpedia.org/resource/Tate (2) | http://dbpedia.org/resource/Matteo_Salvini (2) | http://dbpedia.org/resource/Second_Spanish_Republic (2) | http://dbpedia.org/resource/C_Spire (2) | http://dbpedia.org/resource/Mississippi (2) | http://dbpedia.org/resource/International_Olympic_Committee (1) | http://dbpedia.org/resource/Mark_Adams_(basketball,_born_May_1956) (1)","http://dbpedia.org/resource/International_Olympic_Committee (1) | http://dbpedia.org/resource/Mark_Adams_(basketball,_born_May_1956) (1) | http://dbpedia.org/resource/Belarusians (1) | http://dbpedia.org/resource/Russians (1) | http://dbpedia.org/resource/Lausanne (1) | http://dbpedia.org/resource/Coca-Cola (1) | http://dbpedia.org/resource/German_language (1) | http://dbpedia.org/resource/Netflix (1)",http://dbpedia.org/resource/Christianity (1) | http://dbpedia.org/resource/Family_of_Donald_Trump (1) | http://dbpedia.org/resource/Tate (1) | http://dbpedia.org/resource/Matteo_Salvini (1) | http://dbpedia.org/resource/Second_Spanish_Republic (1) | http://dbpedia.org/resource/C_Spire (1) | http://dbpedia.org/resource/Mississippi (1) | http://dbpedia.org/resource/President_of_the_United_States (1),0.0,1.0,0,4,,,,
t811565,Cluster A - Gender / eligibility / identity,A1 - Transgender / identity,core,gender controversy,possible_candidate,high,0.6666666666666666,8,"an athlete's gender | athletes' gender | an athlete's sex and/or gender | an athlete's ""true"" gender identity | the only nonbinary athlete | Athleticin 2021:""My gender | female athletes' rights | non-binary athlete | male and female athletes | Both male and female athletes","an athlete's gender | athletes' gender | an athlete's sex and/or gender | an athlete's ""true"" gender identity | the only nonbinary athlete | Athleticin 2021:""My gender | female athletes' rights | non-binary athlete | male and female athletes | male and female athletes",4,4,D43_56 (1) | D18_43 (1) | D56_910 (1) | D43_910 (1),Polarization1 (2) | Polarization7 (2),0.3333333333333333,0.6666666666666666,8,2,4,F43 (1) | F56 (1) | F18 (1) | F910 (1),0,,,"F43: http://dbpedia.org/resource/Olympic_Games, http://dbpedia.org/resource/Chad_le_Clos, http://dbpedia.org/resource/Laura_Kenny, http://dbpedia.org/resource/Chris_Hoy, http://dbpedia.org/resource/Jason_Kenny | F56: http://dbpedia.org/resource/Patrick_Star, http://dbpedia.org/resource/Sports_Illustrated, http://dbpedia.org/resource/BBC_Sport, http://dbpedia.org/resource/National_Football_League, http://dbpedia.org/resource/BBC_One | F18: http://dbpedia.org/resource/2024_Summer_Olympics, http://dbpedia.org/resource/China_Media_Group, http://dbpedia.org/resource/The_Independent, http://dbpedia.org/resource/Accor_Arena, http://dbpedia.org/resource/Shanghai | F910: http://dbpedia.org/resource/Paris",http://dbpedia.org/resource/Olympic_Games (3) | http://dbpedia.org/resource/Chad_le_Clos (3) | http://dbpedia.org/resource/Laura_Kenny (3) | http://dbpedia.org/resource/Chris_Hoy (3) | http://dbpedia.org/resource/Jason_Kenny (3) | http://dbpedia.org/resource/Brett_Hawke (3) | http://dbpedia.org/resource/Charlotte_Dujardin (3) | http://dbpedia.org/resource/Patrick_Star (2) | http://dbpedia.org/resource/Sports_Illustrated (2) | http://dbpedia.org/resource/BBC_Sport (2) | http://dbpedia.org/resource/National_Football_League (2) | http://dbpedia.org/resource/BBC_One (2),http://dbpedia.org/resource/Olympic_Games (2) | http://dbpedia.org/resource/Chad_le_Clos (2) | http://dbpedia.org/resource/Laura_Kenny (2) | http://dbpedia.org/resource/Chris_Hoy (2) | http://dbpedia.org/resource/Jason_Kenny (2) | http://dbpedia.org/resource/Brett_Hawke (2) | http://dbpedia.org/resource/Charlotte_Dujardin (2) | http://dbpedia.org/resource/2024_Summer_Olympics (1),http://dbpedia.org/resource/Paris (2) | http://dbpedia.org/resource/Patrick_Star (1) | http://dbpedia.org/resource/Sports_Illustrated (1) | http://dbpedia.org/resource/BBC_Sport (1) | http://dbpedia.org/resource/National_Football_League (1) | http://dbpedia.org/resource/BBC_One (1) | http://dbpedia.org/resource/BBC_iPlayer (1) | http://dbpedia.org/resource/Olympic_Games (1),0.0,1.0,0,6,,,,
t752938,Cluster A - Gender / eligibility / identity,A2 - Eligibility / sex classification,core,gender controversy,possible_candidate,high,0.0,10,the women's competition | women's competition | women's competitions | the women's doubles competition | the female competitors | both the men's and women's individual competitions | the men's andwomen's competitions | The women's tournament | the women's tournament | all women's competitions,the women's competition | the women's competition | the women's competition | the women's competition | the women's competition | the women's competition | the women's competition | women's competition | women's competitions | women's competition,3,3,D97_291 (1) | D97_176 (1) | D66_291 (1),Polarization1 (2) | Polarization0 (1),0.3333333333333333,1.0,10,4,22,F2 (1) | F5 (1) | F14 (1) | F24 (1) | F25 (1) | F30 (1) | F33 (1) | F43 (1) | F44 (1) | F66 (1),20,F2 (1) | F5 (1) | F14 (1) | F24 (1) | F25 (1) | F30 (1) | F33 (1) | F43 (1) | F44 (1) | F66 (1),"F2 (cohesiveness=1.0, member_size=16, member_ratio=0.0625) | F5 (cohesiveness=1.0, member_size=15, member_ratio=0.0666666666666666) | F14 (cohesiveness=1.0, member_size=11, member_ratio=0.0909090909090909) | F24 (cohesiveness=1.0, member_size=8, member_ratio=0.125) | F25 (cohesiveness=1.0, member_size=8, member_ratio=0.125) | F30 (cohesiveness=1.0, member_size=8, member_ratio=0.125) | F33 (cohesiveness=1.0, member_size=7, member_ratio=0.1428571428571428) | F43 (cohesiveness=1.0, member_size=7, member_ratio=0.1428571428571428) | F44 (cohesiveness=1.0, member_size=7, member_ratio=0.1428571428571428) | F66 (cohesiveness=0.5, member_size=6, member_ratio=0.3333333333333333)","F2: http://dbpedia.org/resource/China, http://dbpedia.org/resource/Qin_Haiyang, http://dbpedia.org/resource/Thailand, http://dbpedia.org/resource/Yiwu, http://dbpedia.org/resource/Qingyi_River_(Sichuan) | F5: http://dbpedia.org/resource/Canada_women's_national_soccer_team, http://dbpedia.org/resource/United_States_women's_national_soccer_team, http://dbpedia.org/resource/Australia_women's_national_soccer_team, http://dbpedia.org/resource/Italy_national_football_team, http://dbpedia.org/resource/China_women's_national_football_team | F14: http://dbpedia.org/resource/Jamaica, http://dbpedia.org/resource/Toots_Hibbert, http://dbpedia.org/resource/Seville, http://dbpedia.org/resource/Jamaicans, http://dbpedia.org/resource/Marcell_Jacobs | F24: http://dbpedia.org/resource/China_national_football_team, http://dbpedia.org/resource/Chen_Qingchen, http://dbpedia.org/resource/Jia_Yifan, http://dbpedia.org/resource/FIVB_Volleyball_Women's_Nations_League, http://dbpedia.org/resource/Yang_Hao_(Sui_dynasty) | F25: http://dbpedia.org/resource/Les_Invalides, http://dbpedia.org/resource/Place_de_la_Concorde, http://dbpedia.org/resource/Equestrianism, http://dbpedia.org/resource/Freestyle_BMX, http://dbpedia.org/resource/Palace_of_Versailles | F30: http://dbpedia.org/resource/Elon_Musk, http://dbpedia.org/resource/Women's_International_Boxing_Association, http://dbpedia.org/resource/Imane_Khelif, http://dbpedia.org/resource/Algeria_national_football_team, http://dbpedia.org/resource/Carini | F33: http://dbpedia.org/resource/Tahiti, http://dbpedia.org/resource/World_Surf_League, http://dbpedia.org/resource/French_Polynesia, http://dbpedia.org/resource/David_Jost, http://dbpedia.org/resource/Polynesian_culture | F43: http://dbpedia.org/resource/Olympic_Games, http://dbpedia.org/resource/Chad_le_Clos, http://dbpedia.org/resource/Laura_Kenny, http://dbpedia.org/resource/Chris_Hoy, http://dbpedia.org/resource/Jason_Kenny | F44: http://dbpedia.org/resource/Tokyo, http://dbpedia.org/resource/COVID-19_pandemic, http://dbpedia.org/resource/Aidan_Walsh, http://dbpedia.org/resource/Rai_Benjamin, http://dbpedia.org/resource/Tim_Hodgkinson | F66: http://dbpedia.org/resource/Boxing, http://dbpedia.org/resource/Taipei, http://dbpedia.org/resource/Uzbekistan, http://dbpedia.org/resource/Bulgaria, http://dbpedia.org/resource/Lin_Yu-ting",http://dbpedia.org/resource/Thomas_Bach (2) | http://dbpedia.org/resource/Independent_Broadcasting_Authority (2) | http://dbpedia.org/resource/President_of_the_International_Olympic_Committee (2) | http://dbpedia.org/resource/Angela_Carini (2) | http://dbpedia.org/resource/TASS (2) | http://dbpedia.org/resource/XY_sex-determination_system (2) | http://dbpedia.org/resource/Phenotype (2) | http://dbpedia.org/resource/Boxing (1) | http://dbpedia.org/resource/Taipei (1) | http://dbpedia.org/resource/Uzbekistan (1) | http://dbpedia.org/resource/Bulgaria (1) | http://dbpedia.org/resource/Lin_Yu-ting (1),http://dbpedia.org/resource/Thomas_Bach (2) | http://dbpedia.org/resource/Independent_Broadcasting_Authority (2) | http://dbpedia.org/resource/President_of_the_International_Olympic_Committee (2) | http://dbpedia.org/resource/Angela_Carini (2) | http://dbpedia.org/resource/TASS (2) | http://dbpedia.org/resource/Boxing (1) | http://dbpedia.org/resource/Taipei (1) | http://dbpedia.org/resource/Uzbekistan (1),http://dbpedia.org/resource/XY_sex-determination_system (2) | http://dbpedia.org/resource/Phenotype (2) | http://dbpedia.org/resource/Giorgia_Meloni (1) | http://dbpedia.org/resource/Italian_language (1) | http://dbpedia.org/resource/Prime_Minister_of_Italy (1),0.0,1.0,0,3,,,,
t675127,Cluster A - Gender / eligibility / identity,A2 - Eligibility / sex classification,core,gender controversy,possible_candidate,high,0.0,10,sex development | Sexual Development | male and female development | Sex Development | sex development- | a person's sex development | sexual development | sex development » | inÂ sexual development | male biological development,sex development | sex development | sex development | sex development | Sexual Development | Sexual Development | male and female development | sex development | sex development | sex development,3,3,D49_97 (1) | D30_97 (1) | D97_98 (1),Polarization1 (2) | Polarization0 (1),0.3333333333333333,1.0,10,4,4,F98 (1) | F49 (1) | F97 (1) | F30 (1),1,F98 (1),"F98 (cohesiveness=1.0, member_size=5, member_ratio=0.2)","F98: http://dbpedia.org/resource/India_national_cricket_team, http://dbpedia.org/resource/Neeraj_Chopra, http://dbpedia.org/resource/New_Delhi, http://dbpedia.org/resource/Phogat_sisters, http://dbpedia.org/resource/United_World_Wrestling | F49: http://dbpedia.org/resource/Italy, http://dbpedia.org/resource/Gregorio_Paltrinieri, http://dbpedia.org/resource/Nicolò_Martinenghi, http://dbpedia.org/resource/Denmark, http://dbpedia.org/resource/Michael_Mørkøv | F97: http://dbpedia.org/resource/Thomas_Bach, http://dbpedia.org/resource/Independent_Broadcasting_Authority, http://dbpedia.org/resource/President_of_the_International_Olympic_Committee, http://dbpedia.org/resource/Angela_Carini, http://dbpedia.org/resource/TASS | F30: http://dbpedia.org/resource/Elon_Musk, http://dbpedia.org/resource/Women's_International_Boxing_Association, http://dbpedia.org/resource/Imane_Khelif, http://dbpedia.org/resource/Algeria_national_football_team, http://dbpedia.org/resource/Carini",http://dbpedia.org/resource/Thomas_Bach (3) | http://dbpedia.org/resource/Independent_Broadcasting_Authority (3) | http://dbpedia.org/resource/President_of_the_International_Olympic_Committee (3) | http://dbpedia.org/resource/Angela_Carini (3) | http://dbpedia.org/resource/TASS (3) | http://dbpedia.org/resource/Italy (1) | http://dbpedia.org/resource/Gregorio_Paltrinieri (1) | http://dbpedia.org/resource/Nicolò_Martinenghi (1) | http://dbpedia.org/resource/Denmark (1) | http://dbpedia.org/resource/Michael_Mørkøv (1) | http://dbpedia.org/resource/Alice_D'Amato (1) | http://dbpedia.org/resource/Piero_Carini (1),http://dbpedia.org/resource/Italy (1) | http://dbpedia.org/resource/Gregorio_Paltrinieri (1) | http://dbpedia.org/resource/Nicolò_Martinenghi (1) | http://dbpedia.org/resource/Denmark (1) | http://dbpedia.org/resource/Michael_Mørkøv (1) | http://dbpedia.org/resource/Alice_D'Amato (1) | http://dbpedia.org/resource/Piero_Carini (1) | http://dbpedia.org/resource/Elon_Musk (1),http://dbpedia.org/resource/Thomas_Bach (2) | http://dbpedia.org/resource/Independent_Broadcasting_Authority (2) | http://dbpedia.org/resource/President_of_the_International_Olympic_Committee (2) | http://dbpedia.org/resource/Angela_Carini (2) | http://dbpedia.org/resource/TASS (2) | http://dbpedia.org/resource/India_national_cricket_team (1) | http://dbpedia.org/resource/Neeraj_Chopra (1) | http://dbpedia.org/resource/New_Delhi (1),0.08333333333333333,0.9166666666666666,1,5,,,,
t633637,Cluster A - Gender / eligibility / identity,A3 - Athlete-specific case,supporting,gender controversy,possible_candidate,high,0.0,2,Kaylia Nemour | gymnast Kaylia Nemour | Algerian Kaylia Nemour | 17-year-old Kaylia Nemour | absolutely poetic Kaylia Nemour | kaylia,Kaylia Nemour | Kaylia Nemour | Kaylia Nemour | Kaylia Nemour | Kaylia Nemour | Kaylia Nemour | Kaylia Nemour | Kaylia Nemour | Kaylia Nemour | Kaylia Nemour,1,1,D10_186 (1),Polarization1 (1),0.0,0.0,2,2,2,F10 (1) | F186 (1),0,,,"F10: http://dbpedia.org/resource/France, http://dbpedia.org/resource/Seine-Saint-Denis, http://dbpedia.org/resource/Thomas_the_Tank_Engine, http://dbpedia.org/resource/Foie_gras, http://dbpedia.org/resource/Gerald_Ford | F186: http://dbpedia.org/resource/Algeria, http://dbpedia.org/resource/Tiaret, http://dbpedia.org/resource/Arab_world",http://dbpedia.org/resource/France (1) | http://dbpedia.org/resource/Seine-Saint-Denis (1) | http://dbpedia.org/resource/Thomas_the_Tank_Engine (1) | http://dbpedia.org/resource/Foie_gras (1) | http://dbpedia.org/resource/Gerald_Ford (1) | http://dbpedia.org/resource/Flag_of_France (1) | http://dbpedia.org/resource/Volocopter (1) | http://dbpedia.org/resource/National_Rally (1) | http://dbpedia.org/resource/Culture_of_France (1) | http://dbpedia.org/resource/Marie_Antoinette (1) | http://dbpedia.org/resource/Judo (1) | http://dbpedia.org/resource/Moulin_Rouge (1),http://dbpedia.org/resource/France (1) | http://dbpedia.org/resource/Seine-Saint-Denis (1) | http://dbpedia.org/resource/Thomas_the_Tank_Engine (1) | http://dbpedia.org/resource/Foie_gras (1) | http://dbpedia.org/resource/Gerald_Ford (1) | http://dbpedia.org/resource/Flag_of_France (1) | http://dbpedia.org/resource/Volocopter (1) | http://dbpedia.org/resource/National_Rally (1),http://dbpedia.org/resource/Algeria (1) | http://dbpedia.org/resource/Tiaret (1) | http://dbpedia.org/resource/Arab_world (1),0.0,1.0,0,1,,,,
t636401,Cluster B - Opening ceremony / Christianity,B0 - Mockery / offense discourse,core,opening ceremony / christianity controversy,candidate,high,11.241134056248654,1360,"a ""mockery | mockery | the mockery | the ""mockery | a mockery | Mockery | this mockery | No mockery | 'MOCKERY | a direct mockery","a ""mockery | mockery | the mockery | a ""mockery | mockery | mockery | the mockery | the ""mockery | a mockery | mockery",38,38,D45_90 (1) | D38_129 (1) | D38_659 (1) | D666_668 (1) | D59_125 (1) | D38_187 (1) | D45_576 (1) | D10_45 (1) | D21_45 (1) | D90_124 (1),Polarization1 (8) | Polarization3 (6) | Polarization4 (6) | Polarization8 (5) | Polarization2 (4) | Polarization5 (3) | Polarization0 (2) | Polarization10 (2) | Polarization6 (1) | Polarization9 (1),0.38960968925144673,1.0,1360,97,24,F21 (1) | F90 (1) | F99 (1) | F124 (1) | F176 (1) | F187 (1) | F668 (1) | F670 (1) | F671 (1) | F908 (1),11,F21 (1) | F90 (1) | F99 (1) | F124 (1) | F176 (1) | F187 (1) | F668 (1) | F670 (1) | F671 (1) | F908 (1),"F21 (cohesiveness=1.0, member_size=10, member_ratio=0.2) | F90 (cohesiveness=1.0, member_size=5, member_ratio=0.2) | F99 (cohesiveness=1.0, member_size=5, member_ratio=0.2) | F124 (cohesiveness=1.0, member_size=4, member_ratio=0.25) | F176 (cohesiveness=1.0, member_size=3, member_ratio=0.3333333333333333) | F187 (cohesiveness=1.0, member_size=3, member_ratio=0.3333333333333333) | F668 (cohesiveness=1.0, member_size=1, member_ratio=1.0) | F670 (cohesiveness=1.0, member_size=1, member_ratio=1.0) | F671 (cohesiveness=1.0, member_size=1, member_ratio=1.0) | F908 (cohesiveness=1.0, member_size=1, member_ratio=1.0)","F21: http://dbpedia.org/resource/French_language, http://dbpedia.org/resource/Australian_Government, http://dbpedia.org/resource/Boris_Diaw, http://dbpedia.org/resource/Michelin_Guide, http://dbpedia.org/resource/Pierre_de_Coubertin | F90: http://dbpedia.org/resource/Kingdom_of_France, http://dbpedia.org/resource/Catholic_Church, http://dbpedia.org/resource/Eucharist, http://dbpedia.org/resource/Gospel, http://dbpedia.org/resource/EWTN | F99: http://dbpedia.org/resource/Joe_DiMaggio, http://dbpedia.org/resource/Joe_Biden, http://dbpedia.org/resource/James_Joyce, http://dbpedia.org/resource/Malcolm_Fraser, http://dbpedia.org/resource/California_Democratic_Party | F124: http://dbpedia.org/resource/Dionysius_of_Halicarnassus, http://dbpedia.org/resource/Philippe_Katerine, http://dbpedia.org/resource/Friedrich_Nietzsche, http://dbpedia.org/resource/Greek_language | F176: http://dbpedia.org/resource/Giorgia_Meloni, http://dbpedia.org/resource/Italian_language, http://dbpedia.org/resource/Prime_Minister_of_Italy | F187: http://dbpedia.org/resource/Thomas_the_Apostle, http://dbpedia.org/resource/Jean-Baptiste_Descamps, http://dbpedia.org/resource/Paganism | F668: http://dbpedia.org/resource/Catholic_Church_in_France | F670: http://dbpedia.org/resource/River_Bure | F671: http://dbpedia.org/resource/Candace_Cameron_Bure | F908: http://dbpedia.org/resource/1924_Summer_Olympics",http://dbpedia.org/resource/Christianity (13) | http://dbpedia.org/resource/Family_of_Donald_Trump (13) | http://dbpedia.org/resource/Tate (13) | http://dbpedia.org/resource/Matteo_Salvini (13) | http://dbpedia.org/resource/Second_Spanish_Republic (13) | http://dbpedia.org/resource/C_Spire (13) | http://dbpedia.org/resource/Mississippi (13) | http://dbpedia.org/resource/Kingdom_of_France (9) | http://dbpedia.org/resource/Catholic_Church (9) | http://dbpedia.org/resource/Eucharist (9) | http://dbpedia.org/resource/Gospel (9) | http://dbpedia.org/resource/EWTN (9),http://dbpedia.org/resource/Christianity (11) | http://dbpedia.org/resource/Family_of_Donald_Trump (11) | http://dbpedia.org/resource/Tate (11) | http://dbpedia.org/resource/Matteo_Salvini (11) | http://dbpedia.org/resource/Second_Spanish_Republic (11) | http://dbpedia.org/resource/C_Spire (11) | http://dbpedia.org/resource/Mississippi (11) | http://dbpedia.org/resource/Kingdom_of_France (7),http://dbpedia.org/resource/Paris (9) | http://dbpedia.org/resource/Catholic_Church_in_France (4) | http://dbpedia.org/resource/Christians (3) | http://dbpedia.org/resource/Jesus (3) | http://dbpedia.org/resource/Pope_Francis (3) | http://dbpedia.org/resource/Sheridan_Crane (3) | http://dbpedia.org/resource/History_of_Christianity (3) | http://dbpedia.org/resource/Archbishop (3),0.0,1.0,0,52,,,,
t427723,Cluster B - Opening ceremony / Christianity,B1 - Religious iconography,core,opening ceremony / christianity controversy,possible_candidate,high,0.0,2,religious iconography | a religious symbol | religious symbols | outwardly religious symbols | religious imagery | the religious imagery | religious depictions | a sacred Christian symbol | other clearly visible religious symbols | The Last Supper' iconography,religious iconography | a religious symbol | religious symbols | a religious symbol | religious symbols | religious symbols | religious symbols | religious symbols | religious symbols | outwardly religious symbols,1,1,D10_45 (1),Polarization1 (1),0.0,0.0,2,2,2,F10 (1) | F45 (1),1,F10 (1),"F10 (cohesiveness=1.0, member_size=13, member_ratio=0.0769230769230769)","F10: http://dbpedia.org/resource/France, http://dbpedia.org/resource/Seine-Saint-Denis, http://dbpedia.org/resource/Thomas_the_Tank_Engine, http://dbpedia.org/resource/Foie_gras, http://dbpedia.org/resource/Gerald_Ford | F45: http://dbpedia.org/resource/Jesus, http://dbpedia.org/resource/Pope_Francis, http://dbpedia.org/resource/Sheridan_Crane, http://dbpedia.org/resource/History_of_Christianity, http://dbpedia.org/resource/Archbishop",http://dbpedia.org/resource/France (1) | http://dbpedia.org/resource/Seine-Saint-Denis (1) | http://dbpedia.org/resource/Thomas_the_Tank_Engine (1) | http://dbpedia.org/resource/Foie_gras (1) | http://dbpedia.org/resource/Gerald_Ford (1) | http://dbpedia.org/resource/Flag_of_France (1) | http://dbpedia.org/resource/Volocopter (1) | http://dbpedia.org/resource/National_Rally (1) | http://dbpedia.org/resource/Culture_of_France (1) | http://dbpedia.org/resource/Marie_Antoinette (1) | http://dbpedia.org/resource/Judo (1) | http://dbpedia.org/resource/Moulin_Rouge (1),http://dbpedia.org/resource/France (1) | http://dbpedia.org/resource/Seine-Saint-Denis (1) | http://dbpedia.org/resource/Thomas_the_Tank_Engine (1) | http://dbpedia.org/resource/Foie_gras (1) | http://dbpedia.org/resource/Gerald_Ford (1) | http://dbpedia.org/resource/Flag_of_France (1) | http://dbpedia.org/resource/Volocopter (1) | http://dbpedia.org/resource/National_Rally (1),http://dbpedia.org/resource/Jesus (1) | http://dbpedia.org/resource/Pope_Francis (1) | http://dbpedia.org/resource/Sheridan_Crane (1) | http://dbpedia.org/resource/History_of_Christianity (1) | http://dbpedia.org/resource/Archbishop (1) | http://dbpedia.org/resource/Samuel_J._Aquila (1) | http://dbpedia.org/resource/Charles_J._Chaput (1),0.0,1.0,0,2,,,,
t120965,Cluster C - Secondary controversial themes,C1 - Security / terrorism / geopolitics,secondary,political/geopolitical,candidate,high,2.583333333333333,31,terrorism | Islamist terrorism | Terrorism | Terrorists | TERRORISTS | state terrorism | terrorist propaganda | jihadism | terrorism and mass murders | terrorist conspiracy,terrorism | terrorism | terrorism | terrorism | Islamist terrorism | terrorism | terrorism | terrorism | terrorism | terrorism,10,10,D52_93 (1) | D610_811 (1) | D10_134 (1) | D10_420 (1) | D93_610 (1) | D21_134 (1) | D93_367 (1) | D93_811 (1) | D10_52 (1) | D21_52 (1),Polarization0 (5) | Polarization4 (2) | Polarization1 (2) | Polarization7 (1),0.6333333333333333,1.0,31,5,13,F21 (1) | F189 (1) | F206 (1) | F210 (1) | F575 (1) | F610 (1) | F52 (1) | F93 (1) | F811 (1) | F10 (1),6,F21 (1) | F189 (1) | F206 (1) | F210 (1) | F575 (1) | F610 (1),"F21 (cohesiveness=1.0, member_size=10, member_ratio=0.1) | F189 (cohesiveness=1.0, member_size=2, member_ratio=0.5) | F206 (cohesiveness=1.0, member_size=2, member_ratio=0.5) | F210 (cohesiveness=1.0, member_size=2, member_ratio=0.5) | F575 (cohesiveness=1.0, member_size=1, member_ratio=1.0) | F610 (cohesiveness=1.0, member_size=1, member_ratio=1.0)","F21: http://dbpedia.org/resource/French_language, http://dbpedia.org/resource/Australian_Government, http://dbpedia.org/resource/Boris_Diaw, http://dbpedia.org/resource/Michelin_Guide, http://dbpedia.org/resource/Pierre_de_Coubertin | F189: http://dbpedia.org/resource/Israel_Defense_Forces, http://dbpedia.org/resource/Jews | F206: http://dbpedia.org/resource/Adidas, http://dbpedia.org/resource/Munich_massacre | F210: http://dbpedia.org/resource/Gérald_Darmanin, http://dbpedia.org/resource/Minister_of_the_Interior_(France) | F575: http://dbpedia.org/resource/Prosecutor | F610: http://dbpedia.org/resource/Munich | F52: http://dbpedia.org/resource/Russia, http://dbpedia.org/resource/Kamila_Thompson, http://dbpedia.org/resource/Russian_passport, http://dbpedia.org/resource/Soviet_Union, http://dbpedia.org/resource/Umar | F93: http://dbpedia.org/resource/Israel, http://dbpedia.org/resource/Agence_France-Presse, http://dbpedia.org/resource/Miki_Zohar, http://dbpedia.org/resource/Isaac_Herzog, http://dbpedia.org/resource/RSS | F811: http://dbpedia.org/resource/Palestinians | F10: http://dbpedia.org/resource/France, http://dbpedia.org/resource/Seine-Saint-Denis, http://dbpedia.org/resource/Thomas_the_Tank_Engine, http://dbpedia.org/resource/Foie_gras, http://dbpedia.org/resource/Gerald_Ford",http://dbpedia.org/resource/Israel (4) | http://dbpedia.org/resource/Agence_France-Presse (4) | http://dbpedia.org/resource/Miki_Zohar (4) | http://dbpedia.org/resource/Isaac_Herzog (4) | http://dbpedia.org/resource/RSS (4) | http://dbpedia.org/resource/Russia (3) | http://dbpedia.org/resource/Kamila_Thompson (3) | http://dbpedia.org/resource/Russian_passport (3) | http://dbpedia.org/resource/Soviet_Union (3) | http://dbpedia.org/resource/Umar (3) | http://dbpedia.org/resource/Microsoft (3) | http://dbpedia.org/resource/Annexation_of_Crimea_by_the_Russian_Federation (3),http://dbpedia.org/resource/France (3) | http://dbpedia.org/resource/Seine-Saint-Denis (3) | http://dbpedia.org/resource/Thomas_the_Tank_Engine (3) | http://dbpedia.org/resource/Foie_gras (3) | http://dbpedia.org/resource/Gerald_Ford (3) | http://dbpedia.org/resource/Flag_of_France (3) | http://dbpedia.org/resource/Volocopter (3) | http://dbpedia.org/resource/National_Rally (3),http://dbpedia.org/resource/Palestinians (2) | http://dbpedia.org/resource/Islamic_State (2) | http://dbpedia.org/resource/Afghanistan (2) | http://dbpedia.org/resource/Taliban (2) | http://dbpedia.org/resource/Russia (2) | http://dbpedia.org/resource/Kamila_Thompson (2) | http://dbpedia.org/resource/Russian_passport (2) | http://dbpedia.org/resource/Soviet_Union (2),0.0,1.0,0,10,,,,
t635039,Cluster C - Secondary controversial themes,C2 - Anti-LGBTQ framing,secondary,anti-LGBTQ framing,candidate,high,1.3333333333333333,16,"queers | ""queer | queer | The queer | gay | gays | Gay | a homosexual | homosexuals | queer kids","queers | queers | ""queer | queer | The queer | queer | queers | queers | queer | queer",6,6,D32_45 (1) | D45_90 (1) | D20_38 (1) | D38_45 (1) | D32_38 (1) | D38_90 (1),Polarization6 (4) | Polarization1 (2),0.3333333333333333,0.5,16,3,5,F32 (1) | F45 (1) | F90 (1) | F20 (1) | F38 (1),0,,,"F32: http://dbpedia.org/resource/Instagram, http://dbpedia.org/resource/Twitter, http://dbpedia.org/resource/LinkedIn, http://dbpedia.org/resource/Siya_Kolisi, http://dbpedia.org/resource/South_Africa_national_rugby_union_team | F45: http://dbpedia.org/resource/Jesus, http://dbpedia.org/resource/Pope_Francis, http://dbpedia.org/resource/Sheridan_Crane, http://dbpedia.org/resource/History_of_Christianity, http://dbpedia.org/resource/Archbishop | F90: http://dbpedia.org/resource/Kingdom_of_France, http://dbpedia.org/resource/Catholic_Church, http://dbpedia.org/resource/Eucharist, http://dbpedia.org/resource/Gospel, http://dbpedia.org/resource/EWTN | F20: http://dbpedia.org/resource/Anne_Hidalgo, http://dbpedia.org/resource/List_of_mayors_of_Paris, http://dbpedia.org/resource/Tony_Estanguet, http://dbpedia.org/resource/Seine, http://dbpedia.org/resource/Gare_d'Austerlitz | F38: http://dbpedia.org/resource/Christianity, http://dbpedia.org/resource/Family_of_Donald_Trump, http://dbpedia.org/resource/Tate, http://dbpedia.org/resource/Matteo_Salvini, http://dbpedia.org/resource/Second_Spanish_Republic",http://dbpedia.org/resource/Christianity (4) | http://dbpedia.org/resource/Family_of_Donald_Trump (4) | http://dbpedia.org/resource/Tate (4) | http://dbpedia.org/resource/Matteo_Salvini (4) | http://dbpedia.org/resource/Second_Spanish_Republic (4) | http://dbpedia.org/resource/C_Spire (4) | http://dbpedia.org/resource/Mississippi (4) | http://dbpedia.org/resource/Jesus (3) | http://dbpedia.org/resource/Pope_Francis (3) | http://dbpedia.org/resource/Sheridan_Crane (3) | http://dbpedia.org/resource/History_of_Christianity (3) | http://dbpedia.org/resource/Archbishop (3),http://dbpedia.org/resource/Instagram (2) | http://dbpedia.org/resource/Twitter (2) | http://dbpedia.org/resource/LinkedIn (2) | http://dbpedia.org/resource/Siya_Kolisi (2) | http://dbpedia.org/resource/South_Africa_national_rugby_union_team (2) | http://dbpedia.org/resource/Barbara_Butch (2) | http://dbpedia.org/resource/Hafez (2) | http://dbpedia.org/resource/Christianity (2),http://dbpedia.org/resource/Jesus (2) | http://dbpedia.org/resource/Pope_Francis (2) | http://dbpedia.org/resource/Sheridan_Crane (2) | http://dbpedia.org/resource/History_of_Christianity (2) | http://dbpedia.org/resource/Archbishop (2) | http://dbpedia.org/resource/Samuel_J._Aquila (2) | http://dbpedia.org/resource/Charles_J._Chaput (2) | http://dbpedia.org/resource/Kingdom_of_France (2),0.0,1.0,0,12,,,,
t158509,Cluster C - Secondary controversial themes,C3 - Doping / drugs,secondary,doping/cheating,candidate,high,0.0,30,the drugs | drugs | the drug | a drug | drug | The drug | my drugs | the same drug | Both drugs | any drugs,the drugs | drugs | the drug | drugs | drugs | a drug | drugs | a drug | the drug | drug,10,10,D22_625 (1) | D125_842 (1) | D108_403 (1) | D108_910 (1) | D189_910 (1) | D70_217 (1) | D217_910 (1) | D44_285 (1) | D56_910 (1) | D1_2 (1),Polarization1 (6) | Polarization0 (2) | Polarization7 (1) | Polarization6 (1),0.3238095238095238,1.0,30,8,20,F6 (1) | F85 (1) | F240 (1) | F343 (1) | F403 (1) | F504 (1) | F22 (1) | F625 (1) | F125 (1) | F842 (1),6,F6 (1) | F85 (1) | F240 (1) | F343 (1) | F403 (1) | F504 (1),"F6 (cohesiveness=1.0, member_size=14, member_ratio=0.0714285714285714) | F85 (cohesiveness=1.0, member_size=5, member_ratio=0.2) | F240 (cohesiveness=1.0, member_size=2, member_ratio=0.5) | F343 (cohesiveness=1.0, member_size=2, member_ratio=1.0) | F403 (cohesiveness=1.0, member_size=1, member_ratio=1.0) | F504 (cohesiveness=1.0, member_size=1, member_ratio=1.0)","F6: http://dbpedia.org/resource/International_Olympic_Committee, http://dbpedia.org/resource/Mark_Adams_(basketball,_born_May_1956), http://dbpedia.org/resource/Belarusians, http://dbpedia.org/resource/Russians, http://dbpedia.org/resource/Lausanne | F85: http://dbpedia.org/resource/Dean_Winchester, http://dbpedia.org/resource/King_Clancy, http://dbpedia.org/resource/Nolan_Ryan, http://dbpedia.org/resource/Walter_Scott, http://dbpedia.org/resource/Haldimand_County | F240: http://dbpedia.org/resource/Flint, http://dbpedia.org/resource/Jade_Jones-Hall | F343: http://dbpedia.org/resource/World_Anti-Doping_Agency, http://dbpedia.org/resource/United_States_Anti-Doping_Agency | F403: http://dbpedia.org/resource/Direct_Stream_Digital | F504: http://dbpedia.org/resource/University_of_Oregon | F22: http://dbpedia.org/resource/Canadians, http://dbpedia.org/resource/Canada, http://dbpedia.org/resource/Celine_Dion, http://dbpedia.org/resource/Vancouver, http://dbpedia.org/resource/The_Sports_Network | F625: http://dbpedia.org/resource/Colombia | F125: http://dbpedia.org/resource/Australians, http://dbpedia.org/resource/James_Magnussen, http://dbpedia.org/resource/Fox_Broadcasting_Company, http://dbpedia.org/resource/Raygun | F842: http://dbpedia.org/resource/Sky_UK",http://dbpedia.org/resource/Paris (4) | http://dbpedia.org/resource/World_Athletics (2) | http://dbpedia.org/resource/Jamaica_Olympic_Association (2) | http://dbpedia.org/resource/Newspaper_Preservation_Act_of_1970 (2) | http://dbpedia.org/resource/Jamaica_Athletics_Administrative_Association (2) | http://dbpedia.org/resource/The_Australian (2) | http://dbpedia.org/resource/Australia_men's_national_rugby_league_team (2) | http://dbpedia.org/resource/Canadians (1) | http://dbpedia.org/resource/Canada (1) | http://dbpedia.org/resource/Celine_Dion (1) | http://dbpedia.org/resource/Vancouver (1) | http://dbpedia.org/resource/The_Sports_Network (1),http://dbpedia.org/resource/World_Athletics (2) | http://dbpedia.org/resource/Jamaica_Olympic_Association (2) | http://dbpedia.org/resource/Newspaper_Preservation_Act_of_1970 (2) | http://dbpedia.org/resource/Jamaica_Athletics_Administrative_Association (2) | http://dbpedia.org/resource/Canadians (1) | http://dbpedia.org/resource/Canada (1) | http://dbpedia.org/resource/Celine_Dion (1) | http://dbpedia.org/resource/Vancouver (1),http://dbpedia.org/resource/Paris (4) | http://dbpedia.org/resource/Colombia (1) | http://dbpedia.org/resource/Sky_UK (1) | http://dbpedia.org/resource/Direct_Stream_Digital (1) | http://dbpedia.org/resource/The_Australian (1) | http://dbpedia.org/resource/Australia_men's_national_rugby_league_team (1) | http://dbpedia.org/resource/Ulysses_S._Grant (1) | http://dbpedia.org/resource/Craig_Dean (1),0.0,1.0,0,13,,,,
